Granularity,Start Date,End Date,Store Name,Store ID,Business ID,Merchant Supplied ID,Gross Sales,Total Orders Including Cancelled Orders,Total Delivered or Picked Up Orders,AOV,Total Commission,Total Promotion Fees | (for historical reference only),Total Promotion Sales | (for historical reference only),Total Ad Fees | (for historical reference only),Total Ad Sales | (for historical reference only),Currency
Week of 2025-08-11,2025-08-11,2025-08-17,McDonald's (1013-NORTH POMPANO),677517,5579,1013,211.12,11,11,19.19,26.77,17.00,83.99,0.00,0.00,USD
Week of 2025-08-11,2025-08-11,2025-08-17,McDonald's (10397-SUNRISE/PINE ISLAND),680307,5579,10397,171.45,12,12,14.29,21.31,5.41,22.08,0.00,0.00,USD
Week of 2025-08-11,2025-08-11,2025-08-17,McDonald's (10671-LAKEWOOD),684491,5579,10671,383.77,19,19,20.20,48.19,22.06,85.70,0.00,0.00,USD
Week of 2025-08-11,2025-08-11,2025-08-17,McDonald's (10881-CONGRESS & 22ND),686273,5579,10881,1218.94,66,66,18.47,167.09,67.07,262.52,3.00,19.58,USD
Week of 2025-08-11,2025-08-11,2025-08-17,McDonald's (12885-MCNAB & ROCK ISLAND),684476,5579,12885,795.77,44,43,18.09,114.75,58.15,263.16,3.00,20.35,USD
Week of 2025-08-11,2025-08-11,2025-08-17,McDonald's (13565-GALT OCEAN MILE),680384,5579,13565,97.88,5,5,19.58,12.14,12.27,48.00,0.00,0.00,USD
Week of 2025-08-11,2025-08-11,2025-08-17,McDonald's (1585-A & F),685073,5579,1585,533.11,27,26,19.74,69.60,49.71,268.06,0.00,0.00,USD
Week of 2025-08-11,2025-08-11,2025-08-17,McDonald's (16832-BROWARD & 1ST),684559,5579,16832,793.71,42,42,18.90,112.36,68.74,348.16,0.00,0.00,USD
Week of 2025-08-11,2025-08-11,2025-08-17,McDonald's (17009-OAKLAND & HIATUS),680394,5579,17009,356.51,19,18,18.76,46.06,28.74,110.50,0.00,0.00,USD
Week of 2025-08-11,2025-08-11,2025-08-17,McDonald's (1868-PEMBROKE PINES),685633,5579,1868,572.71,32,32,17.90,67.57,60.59,261.10,6.00,41.77,USD
Week of 2025-08-11,2025-08-11,2025-08-17,McDonald's (2011-CORAL RIDGE),680386,5579,2011,353.78,17,17,20.81,43.78,23.90,117.43,0.00,0.00,USD
Week of 2025-08-11,2025-08-11,2025-08-17,McDonald's (22008-OAKLAND & 55TH),680392,5579,22008,1194.93,72,72,16.60,165.84,112.59,413.68,3.00,17.89,USD
Week of 2025-08-11,2025-08-11,2025-08-17,McDonald's (24106-PALM AIRE),684906,5579,24106,300.53,16,16,18.78,34.89,36.27,159.10,0.00,0.00,USD
Week of 2025-08-11,2025-08-11,2025-08-17,McDonald's (24636-COPANS RD. & I - 95),684917,5579,24636,703.51,35,35,20.10,91.21,58.11,306.79,0.00,0.00,USD
Week of 2025-08-11,2025-08-11,2025-08-17,McDonald's (2533-LAUDERDALE LAKES),680368,5579,2533,589.92,32,32,18.44,78.12,57.05,244.08,3.00,19.94,USD
Week of 2025-08-11,2025-08-11,2025-08-17,McDonald's (2565-5TH AVENUE),684468,5579,2565,377.17,19,19,19.85,44.43,39.07,152.96,0.00,0.00,USD
Week of 2025-08-11,2025-08-11,2025-08-17,"McDonald's (27555-SUNRISE, COMMERCIAL & 94TH)",684455,5579,27555,234.14,13,13,18.01,28.95,18.61,67.45,0.00,0.00,USD
Week of 2025-08-11,2025-08-11,2025-08-17,"McDonald's (29261-BOCA RATON, BOCA CENTER RELO)",684904,5579,29261,379.65,21,21,18.08,47.69,12.49,49.74,0.00,0.00,USD
Week of 2025-08-11,2025-08-11,2025-08-17,McDonald's (32379-MIRABELLA),684546,5579,32379,810.12,45,45,18.00,95.92,80.48,336.03,0.00,0.00,USD
Week of 2025-08-11,2025-08-11,2025-08-17,McDonald's (3482-BOYNTON BEACH),687543,5579,3482,464.58,28,28,16.59,61.67,29.33,127.44,0.00,0.00,USD
Week of 2025-08-11,2025-08-11,2025-08-17,McDonald's (3555-TAMARAC),684472,5579,3555,640.21,38,38,16.85,84.15,43.49,173.25,0.00,0.00,USD
Week of 2025-08-11,2025-08-11,2025-08-17,McDonald's (36313-ATLANTIC EXTENSION II),685071,5579,36313,171.70,9,9,19.08,21.66,18.24,85.73,0.00,0.00,USD
Week of 2025-08-11,2025-08-11,2025-08-17,McDonald's (4112-SAMPLE ROAD),685069,5579,4112,607.00,32,32,18.97,71.54,69.62,309.74,0.00,0.00,USD
Week of 2025-08-11,2025-08-11,2025-08-17,McDonald's (5002-CYPRESS CREEK & POWERLINE),687850,5579,5002,600.49,30,30,20.02,73.47,57.55,242.35,0.00,0.00,USD
Week of 2025-08-11,2025-08-11,2025-08-17,McDonald's (5990-SOUTHGATE),684457,5579,5990,515.58,29,29,17.78,60.56,47.21,198.96,3.00,31.12,USD
Week of 2025-08-11,2025-08-11,2025-08-17,McDonald's (6653-DEERFIELD BEACH),684918,5579,6653,794.62,43,43,18.48,91.23,110.05,417.79,0.00,0.00,USD
Week of 2025-08-11,2025-08-11,2025-08-17,McDonald's (6712-EXECUTIVE),684429,5579,6712,259.87,15,15,17.32,29.74,32.63,113.06,0.00,0.00,USD
Week of 2025-08-11,2025-08-11,2025-08-17,McDonald's (681-COMMERCIAL),684427,5579,681,201.04,10,10,20.10,19.74,23.57,96.47,0.00,0.00,USD
Week of 2025-08-11,2025-08-11,2025-08-17,McDonald's (7158-I-95 & SUNRISE),684444,5579,7158,686.90,39,39,17.61,87.64,72.93,253.95,6.00,38.24,USD
Week of 2025-08-11,2025-08-11,2025-08-17,McDonald's (7253-BAY COLONY),688121,5579,7253,321.54,14,14,22.97,40.22,19.17,91.60,0.00,0.00,USD
Week of 2025-08-11,2025-08-11,2025-08-17,McDonald's (7732-OAKLAND FOREST),684443,5579,7732,684.80,36,35,19.02,85.65,52.20,208.73,0.00,0.00,USD
Week of 2025-08-04,2025-08-04,2025-08-10,McDonald's (1013-NORTH POMPANO),677517,5579,1013,2817.97,133,132,21.19,307.19,440.02,2031.02,0.00,0.00,USD
Week of 2025-08-04,2025-08-04,2025-08-10,McDonald's (10397-SUNRISE/PINE ISLAND),680307,5579,10397,2891.23,157,156,18.42,329.09,468.87,1846.60,0.00,0.00,USD
Week of 2025-08-04,2025-08-04,2025-08-10,McDonald's (10671-LAKEWOOD),684491,5579,10671,4982.49,256,256,19.46,557.09,870.42,3374.02,12.00,70.01,USD
Week of 2025-08-04,2025-08-04,2025-08-10,McDonald's (10881-CONGRESS & 22ND),686273,5579,10881,11335.34,601,597,18.86,1430.27,1551.63,7003.96,18.00,110.73,USD
Week of 2025-08-04,2025-08-04,2025-08-10,McDonald's (12885-MCNAB & ROCK ISLAND),684476,5579,12885,8343.07,424,420,19.68,1103.59,1224.86,5509.65,9.00,59.54,USD
Week of 2025-08-04,2025-08-04,2025-08-10,McDonald's (13565-GALT OCEAN MILE),680384,5579,13565,709.64,45,45,15.77,85.84,72.80,345.21,0.00,0.00,USD
Week of 2025-08-04,2025-08-04,2025-08-10,McDonald's (1585-A & F),685073,5579,1585,5014.75,264,264,19.00,621.53,657.58,3005.63,0.00,0.00,USD
Week of 2025-08-04,2025-08-04,2025-08-10,McDonald's (16832-BROWARD & 1ST),684559,5579,16832,6881.87,361,359,19.06,935.54,842.35,3927.02,6.00,69.91,USD
Week of 2025-08-04,2025-08-04,2025-08-10,McDonald's (17009-OAKLAND & HIATUS),680394,5579,17009,3442.95,182,181,18.92,435.84,448.86,2069.90,0.00,0.00,USD
Week of 2025-08-04,2025-08-04,2025-08-10,McDonald's (1868-PEMBROKE PINES),685633,5579,1868,6483.04,325,323,19.95,765.33,843.17,3964.60,6.00,29.84,USD
Week of 2025-08-04,2025-08-04,2025-08-10,McDonald's (2011-CORAL RIDGE),680386,5579,2011,3408.36,161,159,21.17,390.36,501.34,2358.06,0.00,0.00,USD
Week of 2025-08-04,2025-08-04,2025-08-10,McDonald's (22008-OAKLAND & 55TH),680392,5579,22008,12805.35,668,664,19.17,1658.24,2287.96,9022.11,6.00,53.23,USD
Week of 2025-08-04,2025-08-04,2025-08-10,McDonald's (24106-PALM AIRE),684906,5579,24106,4040.36,216,216,18.71,475.09,485.47,2262.42,3.00,36.64,USD
Week of 2025-08-04,2025-08-04,2025-08-10,McDonald's (24636-COPANS RD. & I - 95),684917,5579,24636,3912.99,205,202,19.09,482.51,569.04,2536.43,3.00,10.48,USD
Week of 2025-08-04,2025-08-04,2025-08-10,McDonald's (2533-LAUDERDALE LAKES),680368,5579,2533,5490.82,305,301,18.00,699.15,662.76,3024.80,3.00,30.16,USD
Week of 2025-08-04,2025-08-04,2025-08-10,McDonald's (2565-5TH AVENUE),684468,5579,2565,3720.81,199,198,18.70,433.76,502.06,2243.61,0.00,0.00,USD
Week of 2025-08-04,2025-08-04,2025-08-10,"McDonald's (27555-SUNRISE, COMMERCIAL & 94TH)",684455,5579,27555,2393.04,134,134,17.86,264.50,435.65,1497.28,3.00,13.27,USD
Week of 2025-08-04,2025-08-04,2025-08-10,"McDonald's (29261-BOCA RATON, BOCA CENTER RELO)",684904,5579,29261,3110.21,161,161,19.32,350.61,490.72,2049.12,0.00,0.00,USD
Week of 2025-08-04,2025-08-04,2025-08-10,McDonald's (32379-MIRABELLA),684546,5579,32379,8005.66,420,420,19.06,934.15,1056.13,4927.29,12.00,73.66,USD
Week of 2025-08-04,2025-08-04,2025-08-10,McDonald's (3482-BOYNTON BEACH),687543,5579,3482,4409.39,228,228,19.34,556.28,605.15,2766.30,9.00,86.02,USD
Week of 2025-08-04,2025-08-04,2025-08-10,McDonald's (3555-TAMARAC),684472,5579,3555,5243.13,278,276,18.86,645.54,705.01,3134.91,6.00,43.15,USD
Week of 2025-08-04,2025-08-04,2025-08-10,McDonald's (36313-ATLANTIC EXTENSION II),685071,5579,36313,2349.88,107,107,21.96,289.87,348.59,1778.25,0.00,0.00,USD
Week of 2025-08-04,2025-08-04,2025-08-10,McDonald's (4112-SAMPLE ROAD),685069,5579,4112,4979.69,264,264,18.86,574.05,626.23,2850.80,12.00,79.70,USD
Week of 2025-08-04,2025-08-04,2025-08-10,McDonald's (5002-CYPRESS CREEK & POWERLINE),687850,5579,5002,2928.47,152,152,19.27,346.75,371.86,1748.19,6.00,32.57,USD
Week of 2025-08-04,2025-08-04,2025-08-10,McDonald's (5990-SOUTHGATE),684457,5579,5990,4571.66,245,241,18.66,525.88,699.28,2839.89,9.00,58.29,USD
Week of 2025-08-04,2025-08-04,2025-08-10,McDonald's (6653-DEERFIELD BEACH),684918,5579,6653,5488.17,307,305,17.88,624.98,871.68,3380.51,12.00,76.39,USD
Week of 2025-08-04,2025-08-04,2025-08-10,McDonald's (6712-EXECUTIVE),684429,5579,6712,2686.47,142,141,18.92,307.98,438.12,1776.56,0.00,0.00,USD
Week of 2025-08-04,2025-08-04,2025-08-10,McDonald's (681-COMMERCIAL),684427,5579,681,3233.58,167,167,19.36,364.69,441.32,2025.84,0.00,0.00,USD
Week of 2025-08-04,2025-08-04,2025-08-10,McDonald's (7158-I-95 & SUNRISE),684444,5579,7158,6062.06,323,322,18.77,719.83,1129.13,4324.52,12.00,71.82,USD
Week of 2025-08-04,2025-08-04,2025-08-10,McDonald's (7253-BAY COLONY),688121,5579,7253,2934.59,140,140,20.96,331.15,505.94,2102.17,0.00,0.00,USD
Week of 2025-08-04,2025-08-04,2025-08-10,McDonald's (7732-OAKLAND FOREST),684443,5579,7732,7722.29,404,402,19.11,866.82,1339.73,5409.18,3.00,32.18,USD
Week of 2025-07-28,2025-07-28,2025-08-03,McDonald's (1013-NORTH POMPANO),677517,5579,1013,2230.32,117,117,19.06,251.24,332.96,1411.92,20.20,95.18,USD
Week of 2025-07-28,2025-07-28,2025-08-03,McDonald's (10397-SUNRISE/PINE ISLAND),680307,5579,10397,3074.70,165,165,18.63,344.14,533.47,2021.02,19.56,103.45,USD
Week of 2025-07-28,2025-07-28,2025-08-03,McDonald's (10671-LAKEWOOD),684491,5579,10671,4488.87,237,235,18.94,501.22,800.41,2898.56,43.99,186.13,USD
Week of 2025-07-28,2025-07-28,2025-08-03,McDonald's (10881-CONGRESS & 22ND),686273,5579,10881,11296.62,587,584,19.24,1413.50,1678.18,7068.62,161.53,803.00,USD
Week of 2025-07-28,2025-07-28,2025-08-03,McDonald's (12885-MCNAB & ROCK ISLAND),684476,5579,12885,8875.14,476,474,18.65,1169.60,1341.49,5501.76,81.72,298.80,USD
Week of 2025-07-28,2025-07-28,2025-08-03,McDonald's (13565-GALT OCEAN MILE),680384,5579,13565,770.38,45,45,17.12,100.76,61.52,317.25,0.00,0.00,USD
Week of 2025-07-28,2025-07-28,2025-08-03,McDonald's (1585-A & F),685073,5579,1585,5556.13,277,273,20.06,684.09,804.05,3642.31,55.46,266.49,USD
Week of 2025-07-28,2025-07-28,2025-08-03,McDonald's (16832-BROWARD & 1ST),684559,5579,16832,7035.63,367,365,19.17,933.67,1025.40,4164.00,86.20,307.70,USD
Week of 2025-07-28,2025-07-28,2025-08-03,McDonald's (17009-OAKLAND & HIATUS),680394,5579,17009,3771.18,185,184,20.38,465.14,551.77,2424.70,46.21,186.56,USD
Week of 2025-07-28,2025-07-28,2025-08-03,McDonald's (1868-PEMBROKE PINES),685633,5579,1868,7592.40,370,367,20.52,858.97,1222.91,5219.12,61.38,312.91,USD
Week of 2025-07-28,2025-07-28,2025-08-03,McDonald's (2011-CORAL RIDGE),680386,5579,2011,3080.53,153,151,20.13,351.66,457.05,1991.40,48.76,190.00,USD
Week of 2025-07-28,2025-07-28,2025-08-03,McDonald's (22008-OAKLAND & 55TH),680392,5579,22008,10602.98,571,568,18.57,1349.20,1958.48,7086.53,66.76,295.92,USD
Week of 2025-07-28,2025-07-28,2025-08-03,McDonald's (24106-PALM AIRE),684906,5579,24106,3972.77,207,204,19.19,455.19,617.90,2541.25,47.14,215.55,USD
Week of 2025-07-28,2025-07-28,2025-08-03,McDonald's (24636-COPANS RD. & I - 95),684917,5579,24636,4344.40,219,217,19.84,524.37,740.51,2875.16,71.06,361.05,USD
Week of 2025-07-28,2025-07-28,2025-08-03,McDonald's (2533-LAUDERDALE LAKES),680368,5579,2533,5587.14,299,297,18.69,698.09,806.55,3305.95,55.48,276.76,USD
Week of 2025-07-28,2025-07-28,2025-08-03,McDonald's (2565-5TH AVENUE),684468,5579,2565,3559.17,187,187,19.03,415.57,513.73,2089.84,35.40,149.69,USD
Week of 2025-07-28,2025-07-28,2025-08-03,"McDonald's (27555-SUNRISE, COMMERCIAL & 94TH)",684455,5579,27555,2501.97,131,129,19.10,276.67,463.62,1685.89,49.31,231.09,USD
Week of 2025-07-28,2025-07-28,2025-08-03,"McDonald's (29261-BOCA RATON, BOCA CENTER RELO)",684904,5579,29261,3977.54,204,203,19.50,448.71,598.94,2569.30,51.61,228.93,USD
Week of 2025-07-28,2025-07-28,2025-08-03,McDonald's (32379-MIRABELLA),684546,5579,32379,8793.91,459,458,19.16,1010.74,1265.69,5366.07,65.06,264.53,USD
Week of 2025-07-28,2025-07-28,2025-08-03,McDonald's (3482-BOYNTON BEACH),687543,5579,3482,4206.75,204,203,20.62,525.38,618.85,2745.64,47.19,189.29,USD
Week of 2025-07-28,2025-07-28,2025-08-03,McDonald's (3555-TAMARAC),684472,5579,3555,4889.38,260,260,18.81,614.22,689.78,2806.39,52.42,268.51,USD
Week of 2025-07-28,2025-07-28,2025-08-03,McDonald's (36313-ATLANTIC EXTENSION II),685071,5579,36313,2656.35,132,129,20.12,317.79,490.62,1834.33,41.94,180.78,USD
Week of 2025-07-28,2025-07-28,2025-08-03,McDonald's (4112-SAMPLE ROAD),685069,5579,4112,4898.15,268,267,18.28,566.39,714.90,2893.83,64.49,296.40,USD
Week of 2025-07-28,2025-07-28,2025-08-03,McDonald's (5002-CYPRESS CREEK & POWERLINE),687850,5579,5002,3184.88,174,172,18.30,364.14,482.50,1733.34,43.04,194.25,USD
Week of 2025-07-28,2025-07-28,2025-08-03,McDonald's (5990-SOUTHGATE),684457,5579,5990,4816.48,253,253,19.04,533.19,903.41,3343.00,55.21,268.76,USD
Week of 2025-07-28,2025-07-28,2025-08-03,McDonald's (6653-DEERFIELD BEACH),684918,5579,6653,5934.78,333,332,17.82,664.65,927.36,3490.44,56.63,240.06,USD
Week of 2025-07-28,2025-07-28,2025-08-03,McDonald's (6712-EXECUTIVE),684429,5579,6712,2662.05,129,129,20.64,299.14,473.41,1964.99,28.02,226.18,USD
Week of 2025-07-28,2025-07-28,2025-08-03,McDonald's (681-COMMERCIAL),684427,5579,681,2535.09,132,131,19.21,280.76,372.30,1522.12,41.35,180.93,USD
Week of 2025-07-28,2025-07-28,2025-08-03,McDonald's (7158-I-95 & SUNRISE),684444,5579,7158,6691.11,359,358,18.64,793.30,1326.76,4683.26,81.02,361.52,USD
Week of 2025-07-28,2025-07-28,2025-08-03,McDonald's (7253-BAY COLONY),688121,5579,7253,3180.27,155,155,20.52,354.52,535.87,2275.36,24.31,126.91,USD
Week of 2025-07-28,2025-07-28,2025-08-03,McDonald's (7732-OAKLAND FOREST),684443,5579,7732,6670.07,367,365,18.17,753.24,1147.81,4361.76,81.38,376.79,USD
Week of 2025-07-21,2025-07-21,2025-07-27,McDonald's (1013-NORTH POMPANO),677517,5579,1013,2516.65,123,123,20.46,289.31,362.19,1747.88,3.00,25.08,USD
Week of 2025-07-21,2025-07-21,2025-07-27,McDonald's (10397-SUNRISE/PINE ISLAND),680307,5579,10397,3072.65,155,155,19.82,345.50,495.03,2198.01,6.00,42.62,USD
Week of 2025-07-21,2025-07-21,2025-07-27,McDonald's (10671-LAKEWOOD),684491,5579,10671,4864.65,252,249,19.30,546.89,811.30,3465.57,6.00,67.56,USD
Week of 2025-07-21,2025-07-21,2025-07-27,McDonald's (10881-CONGRESS & 22ND),686273,5579,10881,10791.32,569,567,18.97,1333.78,1689.82,7399.83,33.00,186.93,USD
Week of 2025-07-21,2025-07-21,2025-07-27,McDonald's (12885-MCNAB & ROCK ISLAND),684476,5579,12885,8978.94,491,489,18.29,1164.65,1485.47,6026.35,12.00,63.10,USD
Week of 2025-07-21,2025-07-21,2025-07-27,McDonald's (13565-GALT OCEAN MILE),680384,5579,13565,1111.94,48,48,23.17,134.56,190.04,923.94,3.00,43.54,USD
Week of 2025-07-21,2025-07-21,2025-07-27,McDonald's (1585-A & F),685073,5579,1585,5564.85,274,272,20.31,676.62,912.63,4047.70,6.00,50.13,USD
Week of 2025-07-21,2025-07-21,2025-07-27,McDonald's (16832-BROWARD & 1ST),684559,5579,16832,7818.41,380,379,20.57,977.65,1579.38,6169.11,0.00,0.00,USD
Week of 2025-07-21,2025-07-21,2025-07-27,McDonald's (17009-OAKLAND & HIATUS),680394,5579,17009,4017.42,207,207,19.41,474.21,727.14,2916.92,12.00,101.27,USD
Week of 2025-07-21,2025-07-21,2025-07-27,McDonald's (1868-PEMBROKE PINES),685633,5579,1868,7384.94,349,346,21.16,832.20,1240.04,5596.81,12.00,65.97,USD
Week of 2025-07-21,2025-07-21,2025-07-27,McDonald's (2011-CORAL RIDGE),680386,5579,2011,2930.28,141,141,20.78,335.28,409.32,1981.22,3.00,15.76,USD
Week of 2025-07-21,2025-07-21,2025-07-27,McDonald's (22008-OAKLAND & 55TH),680392,5579,22008,11809.57,631,625,18.72,1485.84,2341.85,8669.65,9.00,95.76,USD
Week of 2025-07-21,2025-07-21,2025-07-27,McDonald's (24106-PALM AIRE),684906,5579,24106,3527.98,183,179,19.28,402.79,595.17,2396.90,0.00,0.00,USD
Week of 2025-07-21,2025-07-21,2025-07-27,McDonald's (24636-COPANS RD. & I - 95),684917,5579,24636,3882.11,209,208,18.57,458.76,747.03,2812.75,6.00,34.26,USD
Week of 2025-07-21,2025-07-21,2025-07-27,McDonald's (2533-LAUDERDALE LAKES),680368,5579,2533,6545.95,334,331,19.60,797.98,1106.88,4620.94,3.00,15.08,USD
Week of 2025-07-21,2025-07-21,2025-07-27,McDonald's (2565-5TH AVENUE),684468,5579,2565,4139.71,202,201,20.49,462.84,758.13,3168.04,9.00,34.73,USD
Week of 2025-07-21,2025-07-21,2025-07-27,"McDonald's (27555-SUNRISE, COMMERCIAL & 94TH)",684455,5579,27555,2295.82,129,129,17.80,250.75,429.29,1557.78,3.00,32.25,USD
Week of 2025-07-21,2025-07-21,2025-07-27,"McDonald's (29261-BOCA RATON, BOCA CENTER RELO)",684904,5579,29261,3361.89,171,169,19.66,382.47,488.78,2220.70,0.00,0.00,USD
Week of 2025-07-21,2025-07-21,2025-07-27,McDonald's (32379-MIRABELLA),684546,5579,32379,9802.15,509,509,19.26,1099.93,1719.16,6924.31,6.00,58.53,USD
Week of 2025-07-21,2025-07-21,2025-07-27,McDonald's (3482-BOYNTON BEACH),687543,5579,3482,4567.49,222,218,20.57,547.34,886.78,3655.70,6.00,43.52,USD
Week of 2025-07-21,2025-07-21,2025-07-27,McDonald's (3555-TAMARAC),684472,5579,3555,4920.36,263,260,18.71,592.42,837.89,3411.53,6.00,51.32,USD
Week of 2025-07-21,2025-07-21,2025-07-27,McDonald's (36313-ATLANTIC EXTENSION II),685071,5579,36313,2138.47,107,106,19.99,252.46,383.09,1539.84,0.00,0.00,USD
Week of 2025-07-21,2025-07-21,2025-07-27,McDonald's (4112-SAMPLE ROAD),685069,5579,4112,5522.60,291,290,18.98,620.35,892.86,3844.18,3.00,34.36,USD
Week of 2025-07-21,2025-07-21,2025-07-27,McDonald's (5002-CYPRESS CREEK & POWERLINE),687850,5579,5002,3813.31,194,194,19.66,427.35,640.64,2756.57,21.00,163.41,USD
Week of 2025-07-21,2025-07-21,2025-07-27,McDonald's (5990-SOUTHGATE),684457,5579,5990,4548.31,245,244,18.56,519.77,717.48,3058.84,3.00,15.27,USD
Week of 2025-07-21,2025-07-21,2025-07-27,McDonald's (6653-DEERFIELD BEACH),684918,5579,6653,6322.82,349,347,18.12,709.69,966.90,4169.84,15.00,68.79,USD
Week of 2025-07-21,2025-07-21,2025-07-27,McDonald's (6712-EXECUTIVE),684429,5579,6712,2748.57,144,144,19.09,310.88,450.36,1918.15,0.00,0.00,USD
Week of 2025-07-21,2025-07-21,2025-07-27,McDonald's (681-COMMERCIAL),684427,5579,681,3526.39,183,181,19.27,388.29,603.24,2501.54,3.00,13.78,USD
Week of 2025-07-21,2025-07-21,2025-07-27,McDonald's (7158-I-95 & SUNRISE),684444,5579,7158,5500.82,294,294,18.71,667.09,970.79,3813.06,3.00,21.08,USD
Week of 2025-07-21,2025-07-21,2025-07-27,McDonald's (7253-BAY COLONY),688121,5579,7253,2570.04,123,121,20.89,293.76,406.23,1941.80,3.00,31.37,USD
Week of 2025-07-21,2025-07-21,2025-07-27,McDonald's (7732-OAKLAND FOREST),684443,5579,7732,7130.74,367,366,19.43,801.61,1186.89,4966.24,9.00,56.55,USD
Week of 2025-07-14,2025-07-14,2025-07-20,McDonald's (1013-NORTH POMPANO),677517,5579,1013,2200.64,112,112,19.65,253.59,334.59,1890.08,12.00,113.32,USD
Week of 2025-07-14,2025-07-14,2025-07-20,McDonald's (10397-SUNRISE/PINE ISLAND),680307,5579,10397,2622.03,141,141,18.60,309.14,353.53,2065.00,3.00,23.97,USD
Week of 2025-07-14,2025-07-14,2025-07-20,McDonald's (10671-LAKEWOOD),684491,5579,10671,5030.34,257,256,19.57,581.76,705.87,4008.61,9.00,54.94,USD
Week of 2025-07-14,2025-07-14,2025-07-20,McDonald's (10881-CONGRESS & 22ND),686273,5579,10881,10492.00,576,571,18.22,1327.36,1468.45,8104.43,21.00,130.26,USD
Week of 2025-07-14,2025-07-14,2025-07-20,McDonald's (12885-MCNAB & ROCK ISLAND),684476,5579,12885,8440.18,457,453,18.47,1140.69,1167.22,6559.57,0.00,0.00,USD
Week of 2025-07-14,2025-07-14,2025-07-20,McDonald's (13565-GALT OCEAN MILE),680384,5579,13565,951.02,45,45,21.13,112.78,163.57,765.29,3.00,17.78,USD
Week of 2025-07-14,2025-07-14,2025-07-20,McDonald's (1585-A & F),685073,5579,1585,5662.95,266,266,21.29,703.40,855.37,4892.75,3.00,19.56,USD
Week of 2025-07-14,2025-07-14,2025-07-20,McDonald's (16832-BROWARD & 1ST),684559,5579,16832,9238.25,462,455,20.00,1181.18,1745.32,7964.95,12.00,117.03,USD
Week of 2025-07-14,2025-07-14,2025-07-20,McDonald's (17009-OAKLAND & HIATUS),680394,5579,17009,3383.39,176,175,19.22,403.20,678.54,3001.39,3.00,22.87,USD
Week of 2025-07-14,2025-07-14,2025-07-20,McDonald's (1868-PEMBROKE PINES),685633,5579,1868,8161.92,397,397,20.56,944.32,1276.01,7072.39,6.00,68.68,USD
Week of 2025-07-14,2025-07-14,2025-07-20,McDonald's (2011-CORAL RIDGE),680386,5579,2011,2942.46,150,149,19.62,336.05,477.35,2638.80,0.00,0.00,USD
Week of 2025-07-14,2025-07-14,2025-07-20,McDonald's (22008-OAKLAND & 55TH),680392,5579,22008,12053.72,656,652,18.37,1538.73,2306.21,10001.85,21.00,105.03,USD
Week of 2025-07-14,2025-07-14,2025-07-20,McDonald's (24106-PALM AIRE),684906,5579,24106,3790.02,201,197,18.86,418.82,706.58,3175.11,9.00,78.76,USD
Week of 2025-07-14,2025-07-14,2025-07-20,McDonald's (24636-COPANS RD. & I - 95),684917,5579,24636,3930.04,212,211,18.54,475.92,697.24,3309.42,6.00,34.86,USD
Week of 2025-07-14,2025-07-14,2025-07-20,McDonald's (2533-LAUDERDALE LAKES),680368,5579,2533,5796.77,297,295,19.52,718.79,929.15,4864.45,6.00,44.43,USD
Week of 2025-07-14,2025-07-14,2025-07-20,McDonald's (2565-5TH AVENUE),684468,5579,2565,4502.98,233,231,19.33,511.87,734.10,3766.27,6.00,37.74,USD
Week of 2025-07-14,2025-07-14,2025-07-20,"McDonald's (27555-SUNRISE, COMMERCIAL & 94TH)",684455,5579,27555,2935.50,152,151,19.31,325.58,567.90,2523.45,0.00,0.00,USD
Week of 2025-07-14,2025-07-14,2025-07-20,"McDonald's (29261-BOCA RATON, BOCA CENTER RELO)",684904,5579,29261,3238.04,174,173,18.61,370.28,528.28,2634.72,3.00,13.57,USD
Week of 2025-07-14,2025-07-14,2025-07-20,McDonald's (32379-MIRABELLA),684546,5579,32379,11216.70,592,591,18.95,1258.15,2090.52,9235.33,27.00,187.39,USD
Week of 2025-07-14,2025-07-14,2025-07-20,McDonald's (3482-BOYNTON BEACH),687543,5579,3482,3710.42,196,195,18.93,463.23,594.21,3052.70,9.00,75.26,USD
Week of 2025-07-14,2025-07-14,2025-07-20,McDonald's (3555-TAMARAC),684472,5579,3555,4657.55,247,246,18.86,580.01,731.00,3800.17,0.00,0.00,USD
Week of 2025-07-14,2025-07-14,2025-07-20,McDonald's (36313-ATLANTIC EXTENSION II),685071,5579,36313,2486.23,132,132,18.84,291.19,512.09,2042.30,0.00,0.00,USD
Week of 2025-07-14,2025-07-14,2025-07-20,McDonald's (4112-SAMPLE ROAD),685069,5579,4112,5424.95,304,304,17.85,617.93,838.50,4452.72,6.00,31.08,USD
Week of 2025-07-14,2025-07-14,2025-07-20,McDonald's (5002-CYPRESS CREEK & POWERLINE),687850,5579,5002,3278.55,175,173,18.73,385.48,471.59,2664.40,9.00,44.02,USD
Week of 2025-07-14,2025-07-14,2025-07-20,McDonald's (5990-SOUTHGATE),684457,5579,5990,4279.59,241,239,17.76,500.97,622.73,3396.35,0.00,0.00,USD
Week of 2025-07-14,2025-07-14,2025-07-20,McDonald's (6653-DEERFIELD BEACH),684918,5579,6653,5004.51,287,285,17.44,587.61,642.93,3573.14,15.00,78.81,USD
Week of 2025-07-14,2025-07-14,2025-07-20,McDonald's (6712-EXECUTIVE),684429,5579,6712,2982.16,147,146,20.29,351.26,418.69,2472.42,0.00,0.00,USD
Week of 2025-07-14,2025-07-14,2025-07-20,McDonald's (681-COMMERCIAL),684427,5579,681,2995.92,156,156,19.20,338.81,474.17,2506.42,3.00,29.16,USD
Week of 2025-07-14,2025-07-14,2025-07-20,McDonald's (7158-I-95 & SUNRISE),684444,5579,7158,4780.92,254,254,18.82,602.59,637.00,3611.10,3.00,18.96,USD
Week of 2025-07-14,2025-07-14,2025-07-20,McDonald's (7253-BAY COLONY),688121,5579,7253,2559.62,127,127,20.15,300.28,353.72,2106.72,3.00,12.99,USD
Week of 2025-07-14,2025-07-14,2025-07-20,McDonald's (7732-OAKLAND FOREST),684443,5579,7732,6462.85,353,352,18.31,762.14,935.01,5067.19,9.00,46.05,USD
Week of 2025-07-07,2025-07-07,2025-07-13,McDonald's (1013-NORTH POMPANO),677517,5579,1013,2829.64,137,136,20.65,315.49,473.68,2284.67,6.00,76.77,USD
Week of 2025-07-07,2025-07-07,2025-07-13,McDonald's (10397-SUNRISE/PINE ISLAND),680307,5579,10397,2656.68,145,145,18.32,297.81,439.91,1923.95,3.00,12.39,USD
Week of 2025-07-07,2025-07-07,2025-07-13,McDonald's (10671-LAKEWOOD),684491,5579,10671,4591.13,228,228,20.14,537.86,613.55,3198.15,6.00,47.45,USD
Week of 2025-07-07,2025-07-07,2025-07-13,McDonald's (10881-CONGRESS & 22ND),686273,5579,10881,11045.94,600,597,18.41,1353.64,1720.79,8107.72,9.00,32.60,USD
Week of 2025-07-07,2025-07-07,2025-07-13,McDonald's (12885-MCNAB & ROCK ISLAND),684476,5579,12885,8797.75,491,489,17.92,1166.89,1307.14,6080.39,6.00,38.65,USD
Week of 2025-07-07,2025-07-07,2025-07-13,McDonald's (13565-GALT OCEAN MILE),680384,5579,13565,1226.43,55,55,22.30,142.57,214.31,925.55,0.00,0.00,USD
Week of 2025-07-07,2025-07-07,2025-07-13,McDonald's (1585-A & F),685073,5579,1585,5041.13,245,245,20.58,621.00,721.63,3662.79,6.00,44.43,USD
Week of 2025-07-07,2025-07-07,2025-07-13,McDonald's (16832-BROWARD & 1ST),684559,5579,16832,9087.92,457,453,19.89,1163.12,1684.20,7111.21,15.00,93.82,USD
Week of 2025-07-07,2025-07-07,2025-07-13,McDonald's (17009-OAKLAND & HIATUS),680394,5579,17009,3170.03,176,174,18.01,379.67,562.91,2201.86,3.00,14.88,USD
Week of 2025-07-07,2025-07-07,2025-07-13,McDonald's (1868-PEMBROKE PINES),685633,5579,1868,7971.94,395,392,20.18,900.72,1405.72,6213.24,12.00,87.92,USD
Week of 2025-07-07,2025-07-07,2025-07-13,McDonald's (2011-CORAL RIDGE),680386,5579,2011,3522.27,167,167,21.09,406.85,512.69,2800.29,0.00,0.00,USD
Week of 2025-07-07,2025-07-07,2025-07-13,McDonald's (22008-OAKLAND & 55TH),680392,5579,22008,12879.86,681,678,18.91,1642.29,2429.60,9698.73,6.00,50.01,USD
Week of 2025-07-07,2025-07-07,2025-07-13,McDonald's (24106-PALM AIRE),684906,5579,24106,3643.37,185,184,19.69,418.17,561.93,2405.35,3.00,12.69,USD
Week of 2025-07-07,2025-07-07,2025-07-13,McDonald's (24636-COPANS RD. & I - 95),684917,5579,24636,4036.21,218,217,18.51,475.25,813.67,3003.09,3.00,14.18,USD
Week of 2025-07-07,2025-07-07,2025-07-13,McDonald's (2533-LAUDERDALE LAKES),680368,5579,2533,6406.17,336,333,19.07,781.98,1108.14,4839.17,3.00,28.77,USD
Week of 2025-07-07,2025-07-07,2025-07-13,McDonald's (2565-5TH AVENUE),684468,5579,2565,5041.23,249,249,20.25,568.40,866.29,3953.35,3.00,23.26,USD
Week of 2025-07-07,2025-07-07,2025-07-13,"McDonald's (27555-SUNRISE, COMMERCIAL & 94TH)",684455,5579,27555,2465.93,128,128,19.27,279.76,397.55,1793.16,0.00,0.00,USD
Week of 2025-07-07,2025-07-07,2025-07-13,"McDonald's (29261-BOCA RATON, BOCA CENTER RELO)",684904,5579,29261,3686.28,191,190,19.30,409.33,655.94,2847.69,3.00,15.56,USD
Week of 2025-07-07,2025-07-07,2025-07-13,McDonald's (32379-MIRABELLA),684546,5579,32379,10697.30,563,562,19.00,1207.92,1816.38,7843.78,6.00,55.92,USD
Week of 2025-07-07,2025-07-07,2025-07-13,McDonald's (3482-BOYNTON BEACH),687543,5579,3482,4903.12,250,250,19.61,589.79,834.01,3716.91,15.00,110.99,USD
Week of 2025-07-07,2025-07-07,2025-07-13,McDonald's (3555-TAMARAC),684472,5579,3555,4416.59,239,239,18.48,553.34,644.43,2951.48,6.00,28.67,USD
Week of 2025-07-07,2025-07-07,2025-07-13,McDonald's (36313-ATLANTIC EXTENSION II),685071,5579,36313,2205.23,106,106,20.80,254.13,503.40,1892.08,9.00,54.59,USD
Week of 2025-07-07,2025-07-07,2025-07-13,McDonald's (4112-SAMPLE ROAD),685069,5579,4112,5493.09,275,273,19.97,607.60,924.69,4251.08,9.00,51.74,USD
Week of 2025-07-07,2025-07-07,2025-07-13,McDonald's (5002-CYPRESS CREEK & POWERLINE),687850,5579,5002,3337.38,177,177,18.86,381.58,497.10,2338.94,15.00,111.83,USD
Week of 2025-07-07,2025-07-07,2025-07-13,McDonald's (5990-SOUTHGATE),684457,5579,5990,5306.33,268,268,19.80,615.24,776.70,4168.23,6.00,56.72,USD
Week of 2025-07-07,2025-07-07,2025-07-13,McDonald's (6653-DEERFIELD BEACH),684918,5579,6653,5987.78,329,328,18.20,685.89,869.42,4279.48,12.00,78.63,USD
Week of 2025-07-07,2025-07-07,2025-07-13,McDonald's (6712-EXECUTIVE),684429,5579,6712,2549.26,129,128,19.76,297.59,374.84,1869.93,3.00,6.29,USD
Week of 2025-07-07,2025-07-07,2025-07-13,McDonald's (681-COMMERCIAL),684427,5579,681,3686.08,190,190,19.40,418.42,556.97,2554.90,3.00,14.46,USD
Week of 2025-07-07,2025-07-07,2025-07-13,McDonald's (7158-I-95 & SUNRISE),684444,5579,7158,6543.88,348,347,18.80,792.38,1060.81,4757.86,12.00,54.61,USD
Week of 2025-07-07,2025-07-07,2025-07-13,McDonald's (7253-BAY COLONY),688121,5579,7253,2439.05,124,124,19.67,274.66,414.53,1896.88,0.00,0.00,USD
Week of 2025-07-07,2025-07-07,2025-07-13,McDonald's (7732-OAKLAND FOREST),684443,5579,7732,6673.95,365,361,18.28,766.99,1017.30,4831.78,9.00,53.06,USD
Week of 2025-06-30,2025-06-30,2025-07-06,McDonald's (1013-NORTH POMPANO),677517,5579,1013,2650.36,135,135,19.63,325.52,116.40,341.74,9.00,49.75,USD
Week of 2025-06-30,2025-06-30,2025-07-06,McDonald's (10397-SUNRISE/PINE ISLAND),680307,5579,10397,2992.16,163,162,18.36,352.37,287.92,784.89,3.00,8.89,USD
Week of 2025-06-30,2025-06-30,2025-07-06,McDonald's (10671-LAKEWOOD),684491,5579,10671,4206.10,221,221,19.03,521.46,282.05,785.26,6.00,25.24,USD
Week of 2025-06-30,2025-06-30,2025-07-06,McDonald's (10881-CONGRESS & 22ND),686273,5579,10881,9210.57,518,512,17.78,1208.42,775.76,2021.26,15.00,91.36,USD
Week of 2025-06-30,2025-06-30,2025-07-06,McDonald's (12885-MCNAB & ROCK ISLAND),684476,5579,12885,7940.47,455,450,17.45,1101.29,581.73,1520.17,9.00,64.68,USD
Week of 2025-06-30,2025-06-30,2025-07-06,McDonald's (13565-GALT OCEAN MILE),680384,5579,13565,999.70,43,42,23.25,126.95,87.52,212.64,0.00,0.00,USD
Week of 2025-06-30,2025-06-30,2025-07-06,McDonald's (1585-A & F),685073,5579,1585,3738.26,200,199,18.69,485.31,260.36,739.80,6.00,44.06,USD
Week of 2025-06-30,2025-06-30,2025-07-06,McDonald's (16832-BROWARD & 1ST),684559,5579,16832,6537.47,339,336,19.28,906.47,531.06,1426.61,6.00,22.94,USD
Week of 2025-06-30,2025-06-30,2025-07-06,McDonald's (17009-OAKLAND & HIATUS),680394,5579,17009,2788.97,157,156,17.76,344.78,344.28,910.18,3.00,33.15,USD
Week of 2025-06-30,2025-06-30,2025-07-06,McDonald's (1868-PEMBROKE PINES),685633,5579,1868,6134.67,334,331,18.37,742.47,560.36,1414.26,24.00,167.61,USD
Week of 2025-06-30,2025-06-30,2025-07-06,McDonald's (2011-CORAL RIDGE),680386,5579,2011,2655.24,123,123,21.59,322.01,140.35,488.12,3.00,27.26,USD
Week of 2025-06-30,2025-06-30,2025-07-06,McDonald's (22008-OAKLAND & 55TH),680392,5579,22008,9324.53,520,516,17.93,1297.47,710.86,1942.76,9.00,56.79,USD
Week of 2025-06-30,2025-06-30,2025-07-06,McDonald's (24106-PALM AIRE),684906,5579,24106,3915.69,200,195,19.58,478.71,268.82,857.91,0.00,0.00,USD
Week of 2025-06-30,2025-06-30,2025-07-06,McDonald's (24636-COPANS RD. & I - 95),684917,5579,24636,3666.79,200,199,18.33,475.12,247.07,618.43,0.00,0.00,USD
Week of 2025-06-30,2025-06-30,2025-07-06,McDonald's (2533-LAUDERDALE LAKES),680368,5579,2533,6365.86,339,336,18.78,826.95,537.19,1436.39,12.00,107.38,USD
Week of 2025-06-30,2025-06-30,2025-07-06,McDonald's (2565-5TH AVENUE),684468,5579,2565,3930.04,196,196,20.05,477.82,314.50,938.17,0.00,0.00,USD
Week of 2025-06-30,2025-06-30,2025-07-06,"McDonald's (27555-SUNRISE, COMMERCIAL & 94TH)",684455,5579,27555,1844.56,100,100,18.45,229.03,78.21,260.03,3.00,14.37,USD
Week of 2025-06-30,2025-06-30,2025-07-06,"McDonald's (29261-BOCA RATON, BOCA CENTER RELO)",684904,5579,29261,3252.00,174,174,18.69,396.41,199.00,569.52,6.00,30.07,USD
Week of 2025-06-30,2025-06-30,2025-07-06,McDonald's (32379-MIRABELLA),684546,5579,32379,7382.63,415,415,17.79,897.03,452.30,1252.65,6.00,26.44,USD
Week of 2025-06-30,2025-06-30,2025-07-06,McDonald's (3482-BOYNTON BEACH),687543,5579,3482,4579.19,232,229,19.74,613.22,264.04,704.41,6.00,33.75,USD
Week of 2025-06-30,2025-06-30,2025-07-06,McDonald's (3555-TAMARAC),684472,5579,3555,4090.98,240,239,17.05,543.60,194.11,511.15,15.00,92.56,USD
Week of 2025-06-30,2025-06-30,2025-07-06,McDonald's (36313-ATLANTIC EXTENSION II),685071,5579,36313,1889.12,100,99,18.89,250.85,117.49,276.67,0.00,0.00,USD
Week of 2025-06-30,2025-06-30,2025-07-06,McDonald's (4112-SAMPLE ROAD),685069,5579,4112,5278.38,294,294,17.95,649.14,292.71,735.26,18.00,74.54,USD
Week of 2025-06-30,2025-06-30,2025-07-06,McDonald's (5002-CYPRESS CREEK & POWERLINE),687850,5579,5002,2604.13,135,135,19.29,300.93,285.63,800.01,12.00,64.50,USD
Week of 2025-06-30,2025-06-30,2025-07-06,McDonald's (5990-SOUTHGATE),684457,5579,5990,4009.97,214,213,18.74,487.68,314.30,853.41,6.00,17.98,USD
Week of 2025-06-30,2025-06-30,2025-07-06,McDonald's (6653-DEERFIELD BEACH),684918,5579,6653,4794.67,265,265,18.09,587.62,306.59,918.03,15.00,77.36,USD
Week of 2025-06-30,2025-06-30,2025-07-06,McDonald's (6712-EXECUTIVE),684429,5579,6712,2279.44,112,112,20.35,283.51,154.47,372.83,0.00,0.00,USD
Week of 2025-06-30,2025-06-30,2025-07-06,McDonald's (681-COMMERCIAL),684427,5579,681,2924.64,158,158,18.51,345.58,225.47,666.84,3.00,23.37,USD
Week of 2025-06-30,2025-06-30,2025-07-06,McDonald's (7158-I-95 & SUNRISE),684444,5579,7158,4457.68,251,249,17.76,582.08,333.19,854.02,3.00,25.68,USD
Week of 2025-06-30,2025-06-30,2025-07-06,McDonald's (7253-BAY COLONY),688121,5579,7253,2790.49,137,135,20.37,330.96,264.06,655.31,3.00,16.77,USD
Week of 2025-06-30,2025-06-30,2025-07-06,McDonald's (7732-OAKLAND FOREST),684443,5579,7732,4847.84,268,265,18.09,598.03,259.84,679.91,9.00,45.41,USD
Week of 2025-06-23,2025-06-23,2025-06-29,McDonald's (1013-NORTH POMPANO),677517,5579,1013,2248.36,115,114,19.55,284.57,35.35,112.82,0.00,0.00,USD
Week of 2025-06-23,2025-06-23,2025-06-29,McDonald's (10397-SUNRISE/PINE ISLAND),680307,5579,10397,2645.79,141,141,18.76,331.47,113.84,507.80,6.00,103.01,USD
Week of 2025-06-23,2025-06-23,2025-06-29,McDonald's (10671-LAKEWOOD),684491,5579,10671,3659.94,207,205,17.68,461.94,136.01,587.45,0.00,0.00,USD
Week of 2025-06-23,2025-06-23,2025-06-29,McDonald's (10881-CONGRESS & 22ND),686273,5579,10881,9340.81,526,522,17.76,1272.99,364.09,1242.67,24.00,128.15,USD
Week of 2025-06-23,2025-06-23,2025-06-29,McDonald's (12885-MCNAB & ROCK ISLAND),684476,5579,12885,7386.31,436,433,16.94,996.86,334.33,1069.80,6.00,29.57,USD
Week of 2025-06-23,2025-06-23,2025-06-29,McDonald's (13565-GALT OCEAN MILE),680384,5579,13565,643.19,33,33,19.49,82.31,14.38,46.42,0.00,0.00,USD
Week of 2025-06-23,2025-06-23,2025-06-29,McDonald's (1585-A & F),685073,5579,1585,4276.89,227,224,18.84,582.73,128.02,510.04,9.00,48.14,USD
Week of 2025-06-23,2025-06-23,2025-06-29,McDonald's (16832-BROWARD & 1ST),684559,5579,16832,6140.96,325,322,18.90,834.76,248.05,857.25,9.00,61.56,USD
Week of 2025-06-23,2025-06-23,2025-06-29,McDonald's (17009-OAKLAND & HIATUS),680394,5579,17009,2539.57,141,141,18.01,313.52,135.41,531.42,3.00,11.37,USD
Week of 2025-06-23,2025-06-23,2025-06-29,McDonald's (1868-PEMBROKE PINES),685633,5579,1868,6112.47,320,317,19.10,823.52,221.09,785.51,24.00,143.75,USD
Week of 2025-06-23,2025-06-23,2025-06-29,McDonald's (2011-CORAL RIDGE),680386,5579,2011,1747.47,96,96,18.20,218.66,84.68,267.07,9.00,65.27,USD
Week of 2025-06-23,2025-06-23,2025-06-29,McDonald's (22008-OAKLAND & 55TH),680392,5579,22008,8755.58,494,490,17.72,1191.37,321.35,1107.62,6.00,29.38,USD
Week of 2025-06-23,2025-06-23,2025-06-29,McDonald's (24106-PALM AIRE),684906,5579,24106,3085.67,171,170,18.04,395.59,99.46,374.63,6.00,60.55,USD
Week of 2025-06-23,2025-06-23,2025-06-29,McDonald's (24636-COPANS RD. & I - 95),684917,5579,24636,3754.04,218,218,17.22,470.62,149.99,528.65,15.00,114.18,USD
Week of 2025-06-23,2025-06-23,2025-06-29,McDonald's (2533-LAUDERDALE LAKES),680368,5579,2533,5191.66,290,289,17.90,711.93,199.92,668.41,9.00,56.69,USD
Week of 2025-06-23,2025-06-23,2025-06-29,McDonald's (2565-5TH AVENUE),684468,5579,2565,3515.25,183,183,19.21,446.02,142.60,522.37,3.00,10.08,USD
Week of 2025-06-23,2025-06-23,2025-06-29,"McDonald's (27555-SUNRISE, COMMERCIAL & 94TH)",684455,5579,27555,1839.41,112,112,16.42,236.03,49.53,179.91,3.00,12.19,USD
Week of 2025-06-23,2025-06-23,2025-06-29,"McDonald's (29261-BOCA RATON, BOCA CENTER RELO)",684904,5579,29261,3033.46,171,171,17.74,383.14,92.47,365.26,3.00,14.18,USD
Week of 2025-06-23,2025-06-23,2025-06-29,McDonald's (32379-MIRABELLA),684546,5579,32379,7202.25,398,397,18.10,899.04,335.33,1120.35,3.00,21.46,USD
Week of 2025-06-23,2025-06-23,2025-06-29,McDonald's (3482-BOYNTON BEACH),687543,5579,3482,3192.26,173,171,18.45,445.67,92.47,310.70,9.00,44.54,USD
Week of 2025-06-23,2025-06-23,2025-06-29,McDonald's (3555-TAMARAC),684472,5579,3555,3826.33,221,220,17.31,482.64,149.59,486.88,9.00,67.15,USD
Week of 2025-06-23,2025-06-23,2025-06-29,McDonald's (36313-ATLANTIC EXTENSION II),685071,5579,36313,1747.88,90,89,19.42,216.90,85.88,256.55,0.00,0.00,USD
Week of 2025-06-23,2025-06-23,2025-06-29,McDonald's (4112-SAMPLE ROAD),685069,5579,4112,4222.58,244,243,17.31,528.65,127.82,389.34,3.00,18.11,USD
Week of 2025-06-23,2025-06-23,2025-06-29,McDonald's (5002-CYPRESS CREEK & POWERLINE),687850,5579,5002,2720.18,154,153,17.66,350.17,71.10,240.05,6.00,29.73,USD
Week of 2025-06-23,2025-06-23,2025-06-29,McDonald's (5990-SOUTHGATE),684457,5579,5990,3765.09,199,198,18.92,474.89,171.56,597.25,6.00,41.74,USD
Week of 2025-06-23,2025-06-23,2025-06-29,McDonald's (6653-DEERFIELD BEACH),684918,5579,6653,4390.07,247,246,17.77,562.63,120.83,446.63,15.00,80.37,USD
Week of 2025-06-23,2025-06-23,2025-06-29,McDonald's (6712-EXECUTIVE),684429,5579,6712,1626.72,92,91,17.68,205.20,85.48,264.52,3.00,24.65,USD
Week of 2025-06-23,2025-06-23,2025-06-29,McDonald's (681-COMMERCIAL),684427,5579,681,2725.33,158,157,17.25,339.15,85.68,297.06,6.00,38.45,USD
Week of 2025-06-23,2025-06-23,2025-06-29,McDonald's (7158-I-95 & SUNRISE),684444,5579,7158,4773.98,255,253,18.72,648.41,171.56,576.51,15.00,61.88,USD
Week of 2025-06-23,2025-06-23,2025-06-29,McDonald's (7253-BAY COLONY),688121,5579,7253,2392.08,134,133,17.85,298.25,78.29,288.68,9.00,61.23,USD
Week of 2025-06-23,2025-06-23,2025-06-29,McDonald's (7732-OAKLAND FOREST),684443,5579,7732,5989.37,338,337,17.72,762.63,236.27,730.01,12.00,61.37,USD
Week of 2025-06-16,2025-06-16,2025-06-22,McDonald's (1013-NORTH POMPANO),677517,5579,1013,2385.84,119,119,20.05,304.84,42.94,211.32,0.00,0.00,USD
Week of 2025-06-16,2025-06-16,2025-06-22,McDonald's (10397-SUNRISE/PINE ISLAND),680307,5579,10397,2370.56,137,137,17.30,299.09,99.66,367.57,9.00,37.35,USD
Week of 2025-06-16,2025-06-16,2025-06-22,McDonald's (10671-LAKEWOOD),684491,5579,10671,4310.17,224,223,19.24,539.70,243.46,893.64,6.00,25.24,USD
Week of 2025-06-16,2025-06-16,2025-06-22,McDonald's (10881-CONGRESS & 22ND),686273,5579,10881,8680.20,447,441,19.42,1156.55,539.13,1886.66,18.00,104.74,USD
Week of 2025-06-16,2025-06-16,2025-06-22,McDonald's (12885-MCNAB & ROCK ISLAND),684476,5579,12885,7687.77,433,430,17.75,1025.11,463.55,1541.00,3.00,16.13,USD
Week of 2025-06-16,2025-06-16,2025-06-22,McDonald's (13565-GALT OCEAN MILE),680384,5579,13565,880.21,44,44,20.00,107.04,42.54,146.88,0.00,0.00,USD
Week of 2025-06-16,2025-06-16,2025-06-22,McDonald's (1585-A & F),685073,5579,1585,5076.54,272,268,18.66,671.73,242.46,891.99,0.00,0.00,USD
Week of 2025-06-16,2025-06-16,2025-06-22,McDonald's (16832-BROWARD & 1ST),684559,5579,16832,6553.34,336,329,19.50,890.22,221.98,795.43,9.00,43.70,USD
Week of 2025-06-16,2025-06-16,2025-06-22,McDonald's (17009-OAKLAND & HIATUS),680394,5579,17009,2063.34,114,114,18.10,260.23,64.11,202.78,0.00,0.00,USD
Week of 2025-06-16,2025-06-16,2025-06-22,McDonald's (1868-PEMBROKE PINES),685633,5579,1868,6887.96,361,360,19.08,922.28,359.69,1288.35,27.00,148.39,USD
Week of 2025-06-16,2025-06-16,2025-06-22,McDonald's (2011-CORAL RIDGE),680386,5579,2011,2193.08,115,112,19.07,279.36,64.31,281.54,0.00,0.00,USD
Week of 2025-06-16,2025-06-16,2025-06-22,McDonald's (22008-OAKLAND & 55TH),680392,5579,22008,10277.17,590,586,17.42,1375.18,573.09,1902.33,6.00,28.25,USD
Week of 2025-06-16,2025-06-16,2025-06-22,McDonald's (24106-PALM AIRE),684906,5579,24106,3339.39,196,196,17.04,419.37,140.50,483.09,0.00,0.00,USD
Week of 2025-06-16,2025-06-16,2025-06-22,McDonald's (24636-COPANS RD. & I - 95),684917,5579,24636,3486.02,198,196,17.61,437.89,149.79,488.42,9.00,59.92,USD
Week of 2025-06-16,2025-06-16,2025-06-22,McDonald's (2533-LAUDERDALE LAKES),680368,5579,2533,5627.72,310,307,18.15,774.51,201.91,773.31,9.00,50.65,USD
Week of 2025-06-16,2025-06-16,2025-06-22,McDonald's (2565-5TH AVENUE),684468,5579,2565,3570.61,197,197,18.12,445.80,173.35,635.63,0.00,0.00,USD
Week of 2025-06-16,2025-06-16,2025-06-22,"McDonald's (27555-SUNRISE, COMMERCIAL & 94TH)",684455,5579,27555,2525.13,140,140,18.04,321.92,114.44,396.52,12.00,70.01,USD
Week of 2025-06-16,2025-06-16,2025-06-22,"McDonald's (29261-BOCA RATON, BOCA CENTER RELO)",684904,5579,29261,3188.43,172,171,18.54,398.63,135.01,462.87,0.00,0.00,USD
Week of 2025-06-16,2025-06-16,2025-06-22,McDonald's (32379-MIRABELLA),684546,5579,32379,7266.26,415,415,17.51,885.56,432.19,1431.30,12.00,64.99,USD
Week of 2025-06-16,2025-06-16,2025-06-22,McDonald's (3482-BOYNTON BEACH),687543,5579,3482,4075.47,220,220,18.52,548.23,200.32,724.87,6.00,20.08,USD
Week of 2025-06-16,2025-06-16,2025-06-22,McDonald's (3555-TAMARAC),684472,5579,3555,3842.86,216,214,17.79,488.06,123.82,446.51,12.00,44.92,USD
Week of 2025-06-16,2025-06-16,2025-06-22,McDonald's (36313-ATLANTIC EXTENSION II),685071,5579,36313,2012.40,108,107,18.63,250.11,71.70,301.61,6.00,43.97,USD
Week of 2025-06-16,2025-06-16,2025-06-22,McDonald's (4112-SAMPLE ROAD),685069,5579,4112,5482.25,299,296,18.34,668.58,232.97,820.87,9.00,75.51,USD
Week of 2025-06-16,2025-06-16,2025-06-22,McDonald's (5002-CYPRESS CREEK & POWERLINE),687850,5579,5002,2802.55,159,157,17.63,353.70,100.06,395.86,6.00,18.57,USD
Week of 2025-06-16,2025-06-16,2025-06-22,McDonald's (5990-SOUTHGATE),684457,5579,5990,4263.90,237,236,17.99,531.83,206.71,736.47,9.00,48.43,USD
Week of 2025-06-16,2025-06-16,2025-06-22,McDonald's (6653-DEERFIELD BEACH),684918,5579,6653,4297.37,227,226,18.93,533.07,184.94,715.77,3.00,36.32,USD
Week of 2025-06-16,2025-06-16,2025-06-22,McDonald's (6712-EXECUTIVE),684429,5579,6712,2153.45,113,113,19.06,263.26,164.97,563.60,3.00,10.88,USD
Week of 2025-06-16,2025-06-16,2025-06-22,McDonald's (681-COMMERCIAL),684427,5579,681,2883.26,150,150,19.22,350.70,120.83,463.23,0.00,0.00,USD
Week of 2025-06-16,2025-06-16,2025-06-22,McDonald's (7158-I-95 & SUNRISE),684444,5579,7158,5066.89,282,281,17.97,671.06,333.23,1138.02,9.00,73.53,USD
Week of 2025-06-16,2025-06-16,2025-06-22,McDonald's (7253-BAY COLONY),688121,5579,7253,2560.93,137,136,18.69,328.44,100.46,340.69,0.00,0.00,USD
Week of 2025-06-16,2025-06-16,2025-06-22,McDonald's (7732-OAKLAND FOREST),684443,5579,7732,5867.90,323,323,18.17,737.66,214.50,672.63,12.00,61.52,USD
Week of 2025-06-09,2025-06-09,2025-06-15,McDonald's (1013-NORTH POMPANO),677517,5579,1013,2112.07,119,119,17.75,259.66,110.49,492.93,0.00,0.00,USD
Week of 2025-06-09,2025-06-09,2025-06-15,McDonald's (10397-SUNRISE/PINE ISLAND),680307,5579,10397,2760.26,154,154,17.92,337.50,180.76,801.30,12.00,87.12,USD
Week of 2025-06-09,2025-06-09,2025-06-15,McDonald's (10671-LAKEWOOD),684491,5579,10671,3935.07,212,212,18.56,479.36,264.79,1251.02,6.00,69.01,USD
Week of 2025-06-09,2025-06-09,2025-06-15,McDonald's (10881-CONGRESS & 22ND),686273,5579,10881,11391.45,661,659,17.23,1505.43,753.08,3182.05,42.00,243.80,USD
Week of 2025-06-09,2025-06-09,2025-06-15,McDonald's (12885-MCNAB & ROCK ISLAND),684476,5579,12885,7386.29,434,429,17.02,942.72,678.87,2877.36,15.00,75.13,USD
Week of 2025-06-09,2025-06-09,2025-06-15,McDonald's (13565-GALT OCEAN MILE),680384,5579,13565,541.50,30,30,18.05,63.98,33.04,147.76,0.00,0.00,USD
Week of 2025-06-09,2025-06-09,2025-06-15,McDonald's (1585-A & F),685073,5579,1585,4434.55,232,231,19.11,578.89,291.05,1337.38,0.00,0.00,USD
Week of 2025-06-09,2025-06-09,2025-06-15,McDonald's (16832-BROWARD & 1ST),684559,5579,16832,6291.34,342,341,18.40,817.96,453.54,2016.97,15.00,98.73,USD
Week of 2025-06-09,2025-06-09,2025-06-15,McDonald's (17009-OAKLAND & HIATUS),680394,5579,17009,2693.88,146,146,18.45,322.70,194.44,908.78,0.00,0.00,USD
Week of 2025-06-09,2025-06-09,2025-06-15,McDonald's (1868-PEMBROKE PINES),685633,5579,1868,6520.64,342,341,19.07,855.02,449.96,2009.99,9.00,78.92,USD
Week of 2025-06-09,2025-06-09,2025-06-15,McDonald's (2011-CORAL RIDGE),680386,5579,2011,2267.99,116,114,19.55,272.38,131.37,589.02,0.00,0.00,USD
Week of 2025-06-09,2025-06-09,2025-06-15,McDonald's (22008-OAKLAND & 55TH),680392,5579,22008,10379.87,584,584,17.77,1352.79,753.66,3169.80,30.00,208.94,USD
Week of 2025-06-09,2025-06-09,2025-06-15,McDonald's (24106-PALM AIRE),684906,5579,24106,2735.71,151,150,18.12,331.48,176.88,697.78,9.00,53.79,USD
Week of 2025-06-09,2025-06-09,2025-06-15,McDonald's (24636-COPANS RD. & I - 95),684917,5579,24636,3507.37,204,203,17.19,423.16,264.60,1099.63,6.00,24.96,USD
Week of 2025-06-09,2025-06-09,2025-06-15,McDonald's (2533-LAUDERDALE LAKES),680368,5579,2533,4858.57,276,271,17.60,666.83,219.09,1014.90,6.00,33.33,USD
Week of 2025-06-09,2025-06-09,2025-06-15,McDonald's (2565-5TH AVENUE),684468,5579,2565,4026.94,204,202,19.74,491.16,281.66,1377.36,3.00,14.29,USD
Week of 2025-06-09,2025-06-09,2025-06-15,"McDonald's (27555-SUNRISE, COMMERCIAL & 94TH)",684455,5579,27555,2008.71,110,110,18.26,242.37,165.90,660.21,3.00,19.87,USD
Week of 2025-06-09,2025-06-09,2025-06-15,"McDonald's (29261-BOCA RATON, BOCA CENTER RELO)",684904,5579,29261,2731.03,153,153,17.85,324.03,180.86,768.00,0.00,0.00,USD
Week of 2025-06-09,2025-06-09,2025-06-15,McDonald's (32379-MIRABELLA),684546,5579,32379,7455.79,424,423,17.58,903.41,471.50,2100.00,9.00,72.59,USD
Week of 2025-06-09,2025-06-09,2025-06-15,McDonald's (3482-BOYNTON BEACH),687543,5579,3482,4045.55,212,212,19.08,527.17,319.40,1483.12,6.00,48.12,USD
Week of 2025-06-09,2025-06-09,2025-06-15,McDonald's (3555-TAMARAC),684472,5579,3555,3932.09,227,225,17.32,482.22,222.79,969.62,21.00,177.95,USD
Week of 2025-06-09,2025-06-09,2025-06-15,McDonald's (36313-ATLANTIC EXTENSION II),685071,5579,36313,1592.04,87,87,18.30,195.89,86.94,368.60,0.00,0.00,USD
Week of 2025-06-09,2025-06-09,2025-06-15,McDonald's (4112-SAMPLE ROAD),685069,5579,4112,4999.72,278,276,17.98,603.99,340.33,1598.71,15.00,136.38,USD
Week of 2025-06-09,2025-06-09,2025-06-15,McDonald's (5002-CYPRESS CREEK & POWERLINE),687850,5579,5002,2903.92,165,165,17.60,360.41,186.56,759.13,12.00,46.00,USD
Week of 2025-06-09,2025-06-09,2025-06-15,McDonald's (5990-SOUTHGATE),684457,5579,5990,4400.93,243,242,18.11,534.41,321.09,1488.31,0.00,0.00,USD
Week of 2025-06-09,2025-06-09,2025-06-15,McDonald's (6653-DEERFIELD BEACH),684918,5579,6653,4363.30,256,256,17.04,529.84,307.44,1272.44,21.00,140.73,USD
Week of 2025-06-09,2025-06-09,2025-06-15,McDonald's (6712-EXECUTIVE),684429,5579,6712,2376.00,133,132,17.86,289.84,161.30,722.98,3.00,11.28,USD
Week of 2025-06-09,2025-06-09,2025-06-15,McDonald's (681-COMMERCIAL),684427,5579,681,2773.76,147,145,18.87,341.02,152.72,658.24,3.00,6.08,USD
Week of 2025-06-09,2025-06-09,2025-06-15,McDonald's (7158-I-95 & SUNRISE),684444,5579,7158,4362.49,249,248,17.52,569.23,328.58,1486.15,9.00,66.66,USD
Week of 2025-06-09,2025-06-09,2025-06-15,McDonald's (7253-BAY COLONY),688121,5579,7253,1949.62,107,106,18.22,242.47,137.84,628.95,0.00,0.00,USD
Week of 2025-06-09,2025-06-09,2025-06-15,McDonald's (7732-OAKLAND FOREST),684443,5579,7732,5414.56,307,303,17.64,671.54,333.05,1441.80,3.00,30.97,USD
Week of 2025-06-02,2025-06-02,2025-06-08,McDonald's (1013-NORTH POMPANO),677517,5579,1013,2505.30,133,133,18.84,313.93,82.45,406.69,6.00,39.55,USD
Week of 2025-06-02,2025-06-02,2025-06-08,McDonald's (10397-SUNRISE/PINE ISLAND),680307,5579,10397,2518.55,144,144,17.49,306.32,152.72,708.53,12.00,77.98,USD
Week of 2025-06-02,2025-06-02,2025-06-08,McDonald's (10671-LAKEWOOD),684491,5579,10671,4422.50,234,233,18.90,547.75,224.88,1023.08,6.00,23.76,USD
Week of 2025-06-02,2025-06-02,2025-06-08,McDonald's (10881-CONGRESS & 22ND),686273,5579,10881,10863.53,609,609,17.84,1469.35,537.50,2277.35,24.00,121.11,USD
Week of 2025-06-02,2025-06-02,2025-06-08,McDonald's (12885-MCNAB & ROCK ISLAND),684476,5579,12885,7875.67,451,446,17.46,1050.58,369.32,1610.68,24.00,157.11,USD
Week of 2025-06-02,2025-06-02,2025-06-08,McDonald's (13565-GALT OCEAN MILE),680384,5579,13565,942.55,47,47,20.05,117.95,31.94,160.01,0.00,0.00,USD
Week of 2025-06-02,2025-06-02,2025-06-08,McDonald's (1585-A & F),685073,5579,1585,4357.94,228,226,19.11,586.80,180.89,756.20,12.00,77.13,USD
Week of 2025-06-02,2025-06-02,2025-06-08,McDonald's (16832-BROWARD & 1ST),684559,5579,16832,6453.29,333,332,19.38,858.96,348.55,1625.11,12.00,59.85,USD
Week of 2025-06-02,2025-06-02,2025-06-08,McDonald's (17009-OAKLAND & HIATUS),680394,5579,17009,2888.50,153,151,18.88,363.74,86.04,398.04,0.00,0.00,USD
Week of 2025-06-02,2025-06-02,2025-06-08,McDonald's (1868-PEMBROKE PINES),685633,5579,1868,6656.74,360,359,18.49,897.67,271.57,1295.31,27.00,186.65,USD
Week of 2025-06-02,2025-06-02,2025-06-08,McDonald's (2011-CORAL RIDGE),680386,5579,2011,2516.33,129,128,19.51,312.94,108.21,495.31,9.00,65.03,USD
Week of 2025-06-02,2025-06-02,2025-06-08,McDonald's (22008-OAKLAND & 55TH),680392,5579,22008,8724.30,503,500,17.34,1170.70,474.51,2091.60,9.00,57.99,USD
Week of 2025-06-02,2025-06-02,2025-06-08,McDonald's (24106-PALM AIRE),684906,5579,24106,3296.36,182,182,18.11,418.27,125.17,572.37,6.00,38.44,USD
Week of 2025-06-02,2025-06-02,2025-06-08,McDonald's (24636-COPANS RD. & I - 95),684917,5579,24636,3147.32,187,187,16.83,402.61,79.75,335.02,6.00,27.42,USD
Week of 2025-06-02,2025-06-02,2025-06-08,McDonald's (2533-LAUDERDALE LAKES),680368,5579,2533,5786.85,308,305,18.79,781.72,275.80,1333.91,6.00,75.02,USD
Week of 2025-06-02,2025-06-02,2025-06-08,McDonald's (2565-5TH AVENUE),684468,5579,2565,4181.85,216,214,19.36,519.81,196.36,769.13,6.00,40.15,USD
Week of 2025-06-02,2025-06-02,2025-06-08,"McDonald's (27555-SUNRISE, COMMERCIAL & 94TH)",684455,5579,27555,2295.68,135,135,17.01,284.96,125.08,463.03,3.00,15.36,USD
Week of 2025-06-02,2025-06-02,2025-06-08,"McDonald's (29261-BOCA RATON, BOCA CENTER RELO)",684904,5579,29261,2811.99,146,146,19.26,356.42,101.90,582.51,3.00,12.48,USD
Week of 2025-06-02,2025-06-02,2025-06-08,McDonald's (32379-MIRABELLA),684546,5579,32379,6692.17,372,372,17.99,823.76,248.14,1117.40,15.00,75.45,USD
Week of 2025-06-02,2025-06-02,2025-06-08,McDonald's (3482-BOYNTON BEACH),687543,5579,3482,4322.08,241,239,17.93,587.16,177.98,709.13,9.00,46.41,USD
Week of 2025-06-02,2025-06-02,2025-06-08,McDonald's (3555-TAMARAC),684472,5579,3555,4512.58,259,259,17.42,561.14,228.88,1015.12,3.00,16.16,USD
Week of 2025-06-02,2025-06-02,2025-06-08,McDonald's (36313-ATLANTIC EXTENSION II),685071,5579,36313,1633.27,86,86,18.99,202.21,100.13,468.66,6.00,33.58,USD
Week of 2025-06-02,2025-06-02,2025-06-08,McDonald's (4112-SAMPLE ROAD),685069,5579,4112,5452.88,300,299,18.18,679.03,231.77,1085.16,12.00,46.94,USD
Week of 2025-06-02,2025-06-02,2025-06-08,McDonald's (5002-CYPRESS CREEK & POWERLINE),687850,5579,5002,2955.53,166,163,17.80,369.83,137.05,551.03,9.00,61.70,USD
Week of 2025-06-02,2025-06-02,2025-06-08,McDonald's (5990-SOUTHGATE),684457,5579,5990,3975.88,237,236,16.78,494.80,178.08,734.84,3.00,2.89,USD
Week of 2025-06-02,2025-06-02,2025-06-08,McDonald's (6653-DEERFIELD BEACH),684918,5579,6653,4404.52,245,245,17.98,552.34,172.09,678.37,24.00,137.58,USD
Week of 2025-06-02,2025-06-02,2025-06-08,McDonald's (6712-EXECUTIVE),684429,5579,6712,2382.75,134,134,17.78,295.11,89.23,419.25,3.00,37.07,USD
Week of 2025-06-02,2025-06-02,2025-06-08,McDonald's (681-COMMERCIAL),684427,5579,681,3121.57,164,164,19.03,387.54,99.72,436.78,3.00,13.19,USD
Week of 2025-06-02,2025-06-02,2025-06-08,McDonald's (7158-I-95 & SUNRISE),684444,5579,7158,4375.94,254,253,17.23,588.39,218.69,955.10,9.00,52.23,USD
Week of 2025-06-02,2025-06-02,2025-06-08,McDonald's (7253-BAY COLONY),688121,5579,7253,2476.73,129,129,19.20,311.88,86.74,378.46,9.00,83.58,USD
Week of 2025-06-02,2025-06-02,2025-06-08,McDonald's (7732-OAKLAND FOREST),684443,5579,7732,6518.76,380,374,17.15,818.83,324.21,1364.89,24.00,123.69,USD
Week of 2025-05-26,2025-05-26,2025-06-01,McDonald's (1013-NORTH POMPANO),677517,5579,1013,152.31,10,10,15.23,20.17,0.00,0.00,0.00,0.00,USD
Week of 2025-05-26,2025-05-26,2025-06-01,McDonald's (10397-SUNRISE/PINE ISLAND),680307,5579,10397,255.32,15,15,17.02,33.60,0.00,0.00,3.00,25.36,USD
Week of 2025-05-26,2025-05-26,2025-06-01,McDonald's (10671-LAKEWOOD),684491,5579,10671,688.47,36,36,19.12,89.80,0.00,0.00,0.00,0.00,USD
Week of 2025-05-26,2025-05-26,2025-06-01,McDonald's (10881-CONGRESS & 22ND),686273,5579,10881,1850.72,97,97,19.08,257.74,43.14,162.83,3.00,52.78,USD
Week of 2025-05-26,2025-05-26,2025-06-01,McDonald's (12885-MCNAB & ROCK ISLAND),684476,5579,12885,1115.02,62,62,17.98,155.47,14.18,41.13,0.00,0.00,USD
Week of 2025-05-26,2025-05-26,2025-06-01,McDonald's (13565-GALT OCEAN MILE),680384,5579,13565,183.67,7,7,26.24,24.67,0.00,0.00,0.00,0.00,USD
Week of 2025-05-26,2025-05-26,2025-06-01,McDonald's (1585-A & F),685073,5579,1585,663.02,37,37,17.92,91.97,14.38,54.71,0.00,0.00,USD
Week of 2025-05-26,2025-05-26,2025-06-01,McDonald's (16832-BROWARD & 1ST),684559,5579,16832,1034.59,56,56,18.47,145.86,14.18,38.63,3.00,11.88,USD
Week of 2025-05-26,2025-05-26,2025-06-01,McDonald's (17009-OAKLAND & HIATUS),680394,5579,17009,403.26,23,23,17.53,52.98,6.99,26.06,0.00,0.00,USD
Week of 2025-05-26,2025-05-26,2025-06-01,McDonald's (1868-PEMBROKE PINES),685633,5579,1868,729.91,38,38,19.21,104.61,0.00,0.00,0.00,0.00,USD
Week of 2025-05-26,2025-05-26,2025-06-01,McDonald's (2011-CORAL RIDGE),680386,5579,2011,248.12,11,11,22.56,30.10,14.18,40.63,0.00,0.00,USD
Week of 2025-05-26,2025-05-26,2025-06-01,McDonald's (22008-OAKLAND & 55TH),680392,5579,22008,1312.31,77,77,17.04,182.72,6.99,21.13,0.00,0.00,USD
Week of 2025-05-26,2025-05-26,2025-06-01,McDonald's (24106-PALM AIRE),684906,5579,24106,372.30,21,21,17.73,47.32,6.99,21.17,0.00,0.00,USD
Week of 2025-05-26,2025-05-26,2025-06-01,McDonald's (24636-COPANS RD. & I - 95),684917,5579,24636,396.62,22,22,18.03,50.07,7.19,35.97,0.00,0.00,USD
Week of 2025-05-26,2025-05-26,2025-06-01,McDonald's (2533-LAUDERDALE LAKES),680368,5579,2533,884.79,46,46,19.23,124.43,0.00,0.00,3.00,16.37,USD
Week of 2025-05-26,2025-05-26,2025-06-01,McDonald's (2565-5TH AVENUE),684468,5579,2565,674.01,33,33,20.42,86.87,13.98,46.95,0.00,0.00,USD
Week of 2025-05-26,2025-05-26,2025-06-01,"McDonald's (27555-SUNRISE, COMMERCIAL & 94TH)",684455,5579,27555,266.15,15,15,17.74,36.12,0.00,0.00,0.00,0.00,USD
Week of 2025-05-26,2025-05-26,2025-06-01,"McDonald's (29261-BOCA RATON, BOCA CENTER RELO)",684904,5579,29261,653.25,33,33,19.80,84.81,6.99,20.28,0.00,0.00,USD
Week of 2025-05-26,2025-05-26,2025-06-01,McDonald's (32379-MIRABELLA),684546,5579,32379,1024.21,57,57,17.97,129.04,14.38,43.75,3.00,16.78,USD
Week of 2025-05-26,2025-05-26,2025-06-01,McDonald's (3482-BOYNTON BEACH),687543,5579,3482,624.80,30,30,20.83,89.62,0.00,0.00,0.00,0.00,USD
Week of 2025-05-26,2025-05-26,2025-06-01,McDonald's (3555-TAMARAC),684472,5579,3555,437.90,32,31,13.68,58.05,0.00,0.00,0.00,0.00,USD
Week of 2025-05-26,2025-05-26,2025-06-01,McDonald's (36313-ATLANTIC EXTENSION II),685071,5579,36313,268.49,13,13,20.65,34.66,0.00,0.00,0.00,0.00,USD
Week of 2025-05-26,2025-05-26,2025-06-01,McDonald's (4112-SAMPLE ROAD),685069,5579,4112,945.39,49,48,19.29,120.36,6.99,24.37,0.00,0.00,USD
Week of 2025-05-26,2025-05-26,2025-06-01,McDonald's (5002-CYPRESS CREEK & POWERLINE),687850,5579,5002,234.00,17,16,13.76,30.03,0.00,0.00,0.00,0.00,USD
Week of 2025-05-26,2025-05-26,2025-06-01,McDonald's (5990-SOUTHGATE),684457,5579,5990,592.69,34,34,17.43,75.29,6.99,30.47,0.00,0.00,USD
Week of 2025-05-26,2025-05-26,2025-06-01,McDonald's (6653-DEERFIELD BEACH),684918,5579,6653,598.46,29,29,20.64,78.21,0.00,0.00,3.00,9.07,USD
Week of 2025-05-26,2025-05-26,2025-06-01,McDonald's (6712-EXECUTIVE),684429,5579,6712,255.19,15,15,17.01,33.69,0.00,0.00,0.00,0.00,USD
Week of 2025-05-26,2025-05-26,2025-06-01,McDonald's (681-COMMERCIAL),684427,5579,681,345.86,17,17,20.34,42.91,0.00,0.00,0.00,0.00,USD
Week of 2025-05-26,2025-05-26,2025-06-01,McDonald's (7158-I-95 & SUNRISE),684444,5579,7158,621.52,38,38,16.36,88.54,0.00,0.00,0.00,0.00,USD
Week of 2025-05-26,2025-05-26,2025-06-01,McDonald's (7253-BAY COLONY),688121,5579,7253,392.30,20,20,19.62,51.83,0.00,0.00,0.00,0.00,USD
Week of 2025-05-26,2025-05-26,2025-06-01,McDonald's (7732-OAKLAND FOREST),684443,5579,7732,966.02,51,49,18.94,124.21,14.18,58.70,0.00,0.00,USD
