Granularity,Start Date,End Date,Store Name,Store ID,Business ID,Merchant Supplied ID,Total Orders Including Cancelled Orders,Total Delivered or Picked Up Orders,Total Missing or Incorrect Orders,Missing/Incorrect %,Total Error Charges,Total Cancelled Orders,Total Cancellation Rate %,Total Avoidable Cancellations,Avoidable Cancellation Rate %,Point of Sale Error Rate %,Average Avoidable Dasher Wait,Average Dasher Wait,Average Delivery Time (ASAP),Uptime %,Downtime %,Total Downtime in Minutes,Average Rating,Total Number of Ratings Received in Period of Time,Total 1 Star Ratings,Total 5 Star Ratings,Currency
Week of 2025-08-11,2025-08-11,2025-08-17,McDonald's (1013-NORTH POMPANO),677517,5579,1013,2,2,0,0.00,0.00,0,0.00,0,0.00,0.00,6.87,14.41,26.50,100.0,0.0,0,0.00,0,0,0,USD
Week of 2025-08-11,2025-08-11,2025-08-17,McDonald's (10397-SUNRISE/PINE ISLAND),680307,5579,10397,1,1,1,100.00,5.30,0,0.00,0,0.00,0.00,3.10,3.65,12.00,100.0,0.0,0,0.00,0,0,0,USD
Week of 2025-08-11,2025-08-11,2025-08-17,McDonald's (2533-LAUDERDALE LAKES),680368,5579,2533,3,3,0,0.00,0.00,0,0.00,0,0.00,0.00,12.68,13.17,33.00,100.0,0.0,0,0.00,0,0,0,USD
Week of 2025-08-11,2025-08-11,2025-08-17,McDonald's (13565-GALT OCEAN MILE),680384,5579,13565,0,0,0,0.00,0.00,0,0.00,0,0.00,0.00,0.00,0.00,0.00,100.0,0.0,0,0.00,0,0,0,NULL
Week of 2025-08-11,2025-08-11,2025-08-17,McDonald's (2011-CORAL RIDGE),680386,5579,2011,1,1,0,0.00,0.00,0,0.00,0,0.00,0.00,8.25,8.70,22.00,100.0,0.0,0,0.00,0,0,0,USD
Week of 2025-08-11,2025-08-11,2025-08-17,McDonald's (22008-OAKLAND & 55TH),680392,5579,22008,15,15,0,0.00,0.00,0,0.00,0,0.00,0.00,4.68,6.28,27.07,100.0,0.0,0,0.00,0,0,0,USD
Week of 2025-08-11,2025-08-11,2025-08-17,McDonald's (17009-OAKLAND & HIATUS),680394,5579,17009,4,4,0,0.00,0.00,0,0.00,0,0.00,0.00,4.90,5.58,27.25,100.0,0.0,0,0.00,0,0,0,USD
Week of 2025-08-11,2025-08-11,2025-08-17,McDonald's (681-COMMERCIAL),684427,5579,681,0,0,0,0.00,0.00,0,0.00,0,0.00,0.00,0.00,0.00,0.00,100.0,0.0,0,0.00,0,0,0,NULL
Week of 2025-08-11,2025-08-11,2025-08-17,McDonald's (6712-EXECUTIVE),684429,5579,6712,1,0,0,0.00,0.00,1,100.00,1,100.00,0.00,0.00,0.00,0.00,100.0,0.0,0,0.00,0,0,0,USD
Week of 2025-08-11,2025-08-11,2025-08-17,McDonald's (7732-OAKLAND FOREST),684443,5579,7732,5,4,0,0.00,0.00,1,20.00,0,0.00,20.00,11.86,12.61,27.67,100.0,0.0,0,5.00,1,0,1,USD
Week of 2025-08-11,2025-08-11,2025-08-17,McDonald's (7158-I-95 & SUNRISE),684444,5579,7158,5,5,0,0.00,0.00,0,0.00,0,0.00,0.00,9.55,10.73,25.00,97.92,2.08,30,0.00,0,0,0,USD
Week of 2025-08-11,2025-08-11,2025-08-17,"McDonald's (27555-SUNRISE, COMMERCIAL & 94TH)",684455,5579,27555,0,0,0,0.00,0.00,0,0.00,0,0.00,0.00,0.00,0.00,0.00,100.0,0.0,0,0.00,0,0,0,NULL
Week of 2025-08-11,2025-08-11,2025-08-17,McDonald's (5990-SOUTHGATE),684457,5579,5990,3,3,0,0.00,0.00,0,0.00,0,0.00,0.00,4.72,5.22,19.00,100.0,0.0,0,0.00,0,0,0,USD
Week of 2025-08-11,2025-08-11,2025-08-17,McDonald's (2565-5TH AVENUE),684468,5579,2565,5,5,1,20.00,12.53,0,0.00,0,0.00,0.00,4.04,4.88,19.20,100.0,0.0,0,0.00,0,0,0,USD
Week of 2025-08-11,2025-08-11,2025-08-17,McDonald's (3555-TAMARAC),684472,5579,3555,5,5,1,20.00,11.36,0,0.00,0,0.00,60.00,8.16,9.34,20.50,100.0,0.0,0,0.00,0,0,0,USD
Week of 2025-08-11,2025-08-11,2025-08-17,McDonald's (12885-MCNAB & ROCK ISLAND),684476,5579,12885,11,11,0,0.00,0.00,0,0.00,0,0.00,9.09,9.97,11.32,25.75,99.1,0.9,13,0.00,0,0,0,USD
Week of 2025-08-11,2025-08-11,2025-08-17,McDonald's (10671-LAKEWOOD),684491,5579,10671,1,1,1,100.00,0.00,0,0.00,0,0.00,0.00,6.57,7.65,19.00,100.0,0.0,0,0.00,0,0,0,USD
Week of 2025-08-11,2025-08-11,2025-08-17,McDonald's (32379-MIRABELLA),684546,5579,32379,5,5,1,20.00,0.71,0,0.00,0,0.00,0.00,5.01,9.41,19.40,100.0,0.0,0,0.00,0,0,0,USD
Week of 2025-08-11,2025-08-11,2025-08-17,McDonald's (16832-BROWARD & 1ST),684559,5579,16832,13,13,1,7.69,0.00,0,0.00,0,0.00,0.00,4.81,5.68,19.33,100.0,0.0,0,0.00,0,0,0,USD
Week of 2025-08-11,2025-08-11,2025-08-17,"McDonald's (29261-BOCA RATON, BOCA CENTER RELO)",684904,5579,29261,1,1,0,0.00,0.00,0,0.00,0,0.00,0.00,5.58,6.42,20.00,100.0,0.0,0,0.00,0,0,0,USD
Week of 2025-08-11,2025-08-11,2025-08-17,McDonald's (24106-PALM AIRE),684906,5579,24106,4,4,0,0.00,0.00,0,0.00,0,0.00,0.00,3.16,5.08,24.50,100.0,0.0,0,0.00,0,0,0,USD
Week of 2025-08-11,2025-08-11,2025-08-17,McDonald's (24636-COPANS RD. & I - 95),684917,5579,24636,6,6,1,16.67,2.85,0,0.00,0,0.00,0.00,6.98,8.37,26.60,100.0,0.0,0,0.00,0,0,0,USD
Week of 2025-08-11,2025-08-11,2025-08-17,McDonald's (6653-DEERFIELD BEACH),684918,5579,6653,5,5,0,0.00,0.00,0,0.00,0,0.00,0.00,4.87,6.80,25.40,100.0,0.0,0,0.00,0,0,0,USD
Week of 2025-08-11,2025-08-11,2025-08-17,McDonald's (4112-SAMPLE ROAD),685069,5579,4112,10,10,1,10.00,0.00,0,0.00,0,0.00,0.00,2.67,4.66,18.78,100.0,0.0,0,0.00,0,0,0,USD
Week of 2025-08-11,2025-08-11,2025-08-17,McDonald's (36313-ATLANTIC EXTENSION II),685071,5579,36313,1,1,0,0.00,0.00,0,0.00,0,0.00,0.00,2.13,12.65,28.00,100.0,0.0,0,0.00,0,0,0,USD
Week of 2025-08-11,2025-08-11,2025-08-17,McDonald's (1585-A & F),685073,5579,1585,8,6,0,0.00,0.00,2,25.00,1,12.50,0.00,14.48,17.59,29.33,97.92,2.08,30,0.00,0,0,0,USD
Week of 2025-08-11,2025-08-11,2025-08-17,McDonald's (1868-PEMBROKE PINES),685633,5579,1868,4,4,0,0.00,0.00,0,0.00,0,0.00,0.00,2.86,3.82,17.25,100.0,0.0,0,0.00,0,0,0,USD
Week of 2025-08-11,2025-08-11,2025-08-17,McDonald's (10881-CONGRESS & 22ND),686273,5579,10881,15,15,0,0.00,0.00,0,0.00,0,0.00,0.00,7.25,8.44,24.80,97.92,2.08,30,5.00,1,0,1,USD
Week of 2025-08-11,2025-08-11,2025-08-17,McDonald's (3482-BOYNTON BEACH),687543,5579,3482,3,3,0,0.00,0.00,0,0.00,0,0.00,0.00,8.12,8.37,29.67,100.0,0.0,0,0.00,0,0,0,USD
Week of 2025-08-11,2025-08-11,2025-08-17,McDonald's (5002-CYPRESS CREEK & POWERLINE),687850,5579,5002,1,1,0,0.00,0.00,0,0.00,0,0.00,0.00,4.12,4.55,13.00,100.0,0.0,0,0.00,0,0,0,USD
Week of 2025-08-11,2025-08-11,2025-08-17,McDonald's (7253-BAY COLONY),688121,5579,7253,0,0,0,0.00,0.00,0,0.00,0,0.00,0.00,0.00,0.00,0.00,100.0,0.0,0,0.00,0,0,0,NULL
Week of 2025-08-04,2025-08-04,2025-08-10,McDonald's (1013-NORTH POMPANO),677517,5579,1013,131,130,5,3.85,33.96,1,0.76,0,0.00,0.76,3.49,4.83,23.32,100.0,0.0,0,5.00,4,0,4,USD
Week of 2025-08-04,2025-08-04,2025-08-10,McDonald's (10397-SUNRISE/PINE ISLAND),680307,5579,10397,158,156,4,2.56,21.92,2,1.27,0,0.00,0.63,3.91,5.55,25.72,99.64,0.36,30,3.79,14,3,8,USD
Week of 2025-08-04,2025-08-04,2025-08-10,McDonald's (2533-LAUDERDALE LAKES),680368,5579,2533,306,301,19,6.31,128.83,5,1.63,2,0.65,0.00,5.50,7.03,24.38,99.0,1.0,101,3.42,12,3,5,USD
Week of 2025-08-04,2025-08-04,2025-08-10,McDonald's (13565-GALT OCEAN MILE),680384,5579,13565,44,44,1,2.27,4.23,0,0.00,0,0.00,0.00,3.28,4.62,24.51,100.0,0.0,0,3.33,3,1,1,USD
Week of 2025-08-04,2025-08-04,2025-08-10,McDonald's (2011-CORAL RIDGE),680386,5579,2011,163,159,9,5.66,43.13,4,2.45,2,1.23,0.00,4.94,7.26,28.26,98.93,1.07,90,4.53,15,1,13,USD
Week of 2025-08-04,2025-08-04,2025-08-10,McDonald's (22008-OAKLAND & 55TH),680392,5579,22008,676,664,23,3.46,144.02,12,1.78,5,0.74,0.44,4.50,6.62,25.92,99.19,0.81,82,4.52,48,4,41,USD
Week of 2025-08-04,2025-08-04,2025-08-10,McDonald's (17009-OAKLAND & HIATUS),680394,5579,17009,182,181,8,4.42,35.55,1,0.55,0,0.00,1.10,4.09,6.00,24.88,99.9,0.1,10,4.71,7,0,5,USD
Week of 2025-08-04,2025-08-04,2025-08-10,McDonald's (681-COMMERCIAL),684427,5579,681,168,167,5,2.99,36.90,1,0.60,1,0.60,0.60,3.21,4.81,27.87,99.64,0.36,30,4.31,13,2,10,USD
Week of 2025-08-04,2025-08-04,2025-08-10,McDonald's (6712-EXECUTIVE),684429,5579,6712,144,141,5,3.55,57.52,3,2.08,0,0.00,0.69,4.21,6.27,22.61,100.0,0.0,0,4.00,4,0,1,USD
Week of 2025-08-04,2025-08-04,2025-08-10,McDonald's (7732-OAKLAND FOREST),684443,5579,7732,404,401,12,2.99,58.26,3,0.74,1,0.25,0.74,4.15,5.77,24.29,99.22,0.78,79,4.65,23,1,20,USD
Week of 2025-08-04,2025-08-04,2025-08-10,McDonald's (7158-I-95 & SUNRISE),684444,5579,7158,325,322,17,5.28,115.90,3,0.92,0,0.00,0.92,4.60,7.09,24.74,98.6,1.4,141,3.88,25,5,15,USD
Week of 2025-08-04,2025-08-04,2025-08-10,"McDonald's (27555-SUNRISE, COMMERCIAL & 94TH)",684455,5579,27555,134,134,4,2.99,24.31,0,0.00,0,0.00,0.75,4.51,6.28,24.89,100.0,0.0,0,4.60,5,0,4,USD
Week of 2025-08-04,2025-08-04,2025-08-10,McDonald's (5990-SOUTHGATE),684457,5579,5990,246,241,10,4.15,48.77,5,2.03,0,0.00,0.41,4.54,5.91,20.95,99.32,0.68,60,4.76,21,1,19,USD
Week of 2025-08-04,2025-08-04,2025-08-10,McDonald's (2565-5TH AVENUE),684468,5579,2565,203,198,5,2.53,24.91,5,2.46,1,0.49,0.00,3.48,5.11,21.77,99.65,0.35,35,4.33,6,1,5,USD
Week of 2025-08-04,2025-08-04,2025-08-10,McDonald's (3555-TAMARAC),684472,5579,3555,280,273,9,3.30,76.20,7,2.50,3,1.07,0.71,5.26,7.35,24.90,99.41,0.59,59,4.12,17,3,12,USD
Week of 2025-08-04,2025-08-04,2025-08-10,McDonald's (12885-MCNAB & ROCK ISLAND),684476,5579,12885,426,419,22,5.25,147.34,7,1.64,2,0.47,0.47,5.18,7.92,24.81,97.73,2.27,229,4.19,32,4,22,USD
Week of 2025-08-04,2025-08-04,2025-08-10,McDonald's (10671-LAKEWOOD),684491,5579,10671,256,256,12,4.69,41.55,0,0.00,0,0.00,0.78,3.55,5.48,22.60,100.0,0.0,0,4.28,18,1,13,USD
Week of 2025-08-04,2025-08-04,2025-08-10,McDonald's (32379-MIRABELLA),684546,5579,32379,425,420,17,4.05,71.70,5,1.18,1,0.24,0.47,3.17,4.94,25.96,99.24,0.76,77,4.36,28,3,22,USD
Week of 2025-08-04,2025-08-04,2025-08-10,McDonald's (16832-BROWARD & 1ST),684559,5579,16832,362,358,11,3.07,52.52,4,1.11,2,0.55,0.28,4.61,6.02,23.34,99.08,0.92,93,4.18,17,3,12,USD
Week of 2025-08-04,2025-08-04,2025-08-10,"McDonald's (29261-BOCA RATON, BOCA CENTER RELO)",684904,5579,29261,160,159,3,1.89,38.82,1,0.63,0,0.00,0.00,3.35,4.91,46.41,100.0,0.0,0,5.00,9,0,9,USD
Week of 2025-08-04,2025-08-04,2025-08-10,McDonald's (24106-PALM AIRE),684906,5579,24106,217,215,4,1.86,20.55,2,0.92,2,0.92,0.46,3.67,6.26,24.83,99.7,0.3,30,4.38,13,2,11,USD
Week of 2025-08-04,2025-08-04,2025-08-10,McDonald's (24636-COPANS RD. & I - 95),684917,5579,24636,208,201,6,2.99,17.24,7,3.37,3,1.44,0.00,4.59,6.75,20.83,99.27,0.73,72,4.58,19,1,14,USD
Week of 2025-08-04,2025-08-04,2025-08-10,McDonald's (6653-DEERFIELD BEACH),684918,5579,6653,310,305,8,2.62,61.85,5,1.61,1,0.32,0.32,3.72,5.60,22.07,99.66,0.34,30,4.91,22,0,21,USD
Week of 2025-08-04,2025-08-04,2025-08-10,McDonald's (4112-SAMPLE ROAD),685069,5579,4112,263,263,8,3.04,28.36,0,0.00,0,0.00,0.38,4.08,5.90,22.67,99.77,0.23,23,4.60,20,2,18,USD
Week of 2025-08-04,2025-08-04,2025-08-10,McDonald's (36313-ATLANTIC EXTENSION II),685071,5579,36313,109,106,3,2.83,24.52,3,2.75,2,1.83,0.92,4.41,6.49,28.90,99.66,0.34,30,4.21,14,2,11,USD
Week of 2025-08-04,2025-08-04,2025-08-10,McDonald's (1585-A & F),685073,5579,1585,268,263,8,3.04,33.77,5,1.87,3,1.12,1.87,4.61,6.71,23.03,98.91,1.09,110,4.27,30,5,24,USD
Week of 2025-08-04,2025-08-04,2025-08-10,McDonald's (1868-PEMBROKE PINES),685633,5579,1868,329,323,8,2.48,35.12,6,1.82,0,0.00,0.30,4.19,5.68,22.20,98.6,1.4,141,4.86,14,0,12,USD
Week of 2025-08-04,2025-08-04,2025-08-10,McDonald's (10881-CONGRESS & 22ND),686273,5579,10881,602,594,29,4.88,181.44,8,1.33,3,0.50,0.83,5.42,6.85,23.83,97.72,2.28,229,4.57,37,3,31,USD
Week of 2025-08-04,2025-08-04,2025-08-10,McDonald's (3482-BOYNTON BEACH),687543,5579,3482,229,228,4,1.75,22.15,1,0.44,0,0.00,0.44,4.27,5.43,22.29,100.0,0.0,0,5.00,12,0,12,USD
Week of 2025-08-04,2025-08-04,2025-08-10,McDonald's (5002-CYPRESS CREEK & POWERLINE),687850,5579,5002,152,152,6,3.95,63.82,0,0.00,0,0.00,0.66,4.01,5.77,23.00,100.0,0.0,0,4.64,11,1,10,USD
Week of 2025-08-04,2025-08-04,2025-08-10,McDonald's (7253-BAY COLONY),688121,5579,7253,140,140,3,2.14,29.33,0,0.00,0,0.00,0.71,4.55,6.21,22.46,100.0,0.0,0,4.80,10,0,9,USD
Week of 2025-07-28,2025-07-28,2025-08-03,McDonald's (1013-NORTH POMPANO),677517,5579,1013,117,117,0,0.00,0.00,0,0.00,0,0.00,0.00,3.70,5.10,20.80,100.0,0.0,0,4.67,6,0,5,USD
Week of 2025-07-28,2025-07-28,2025-08-03,McDonald's (10397-SUNRISE/PINE ISLAND),680307,5579,10397,165,165,9,5.45,27.39,0,0.00,0,0.00,0.00,4.32,5.99,23.53,100.0,0.0,0,4.71,17,0,15,USD
Week of 2025-07-28,2025-07-28,2025-08-03,McDonald's (2533-LAUDERDALE LAKES),680368,5579,2533,303,297,11,3.70,55.31,6,1.98,2,0.66,0.00,6.01,7.84,26.38,96.87,3.13,315,4.00,18,3,13,USD
Week of 2025-07-28,2025-07-28,2025-08-03,McDonald's (13565-GALT OCEAN MILE),680384,5579,13565,45,45,2,4.44,6.79,0,0.00,0,0.00,0.00,4.08,5.67,21.76,100.0,0.0,0,4.33,6,1,5,USD
Week of 2025-07-28,2025-07-28,2025-08-03,McDonald's (2011-CORAL RIDGE),680386,5579,2011,153,151,6,3.97,36.61,2,1.31,0,0.00,0.00,4.13,5.58,23.71,100.0,0.0,0,4.67,12,1,11,USD
Week of 2025-07-28,2025-07-28,2025-08-03,McDonald's (22008-OAKLAND & 55TH),680392,5579,22008,578,568,21,3.70,130.50,10,1.73,2,0.35,0.17,4.69,6.86,25.13,99.38,0.62,62,4.49,35,2,28,USD
Week of 2025-07-28,2025-07-28,2025-08-03,McDonald's (17009-OAKLAND & HIATUS),680394,5579,17009,188,184,12,6.52,57.27,4,2.13,2,1.06,0.53,4.01,5.74,23.64,100.0,0.0,0,3.79,19,5,12,USD
Week of 2025-07-28,2025-07-28,2025-08-03,McDonald's (681-COMMERCIAL),684427,5579,681,133,131,3,2.29,10.33,2,1.50,0,0.00,0.75,3.17,5.08,18.98,100.0,0.0,0,4.88,8,0,7,USD
Week of 2025-07-28,2025-07-28,2025-08-03,McDonald's (6712-EXECUTIVE),684429,5579,6712,129,129,2,1.55,7.17,0,0.00,0,0.00,0.00,3.71,5.76,22.21,100.0,0.0,0,5.00,10,0,10,USD
Week of 2025-07-28,2025-07-28,2025-08-03,McDonald's (7732-OAKLAND FOREST),684443,5579,7732,369,365,14,3.84,39.94,4,1.08,1,0.27,0.54,4.42,5.99,22.03,98.99,1.01,102,4.41,34,4,27,USD
Week of 2025-07-28,2025-07-28,2025-08-03,McDonald's (7158-I-95 & SUNRISE),684444,5579,7158,361,358,14,3.91,64.57,3,0.83,1,0.28,0.28,5.02,7.05,24.66,97.51,2.49,251,3.96,23,2,13,USD
Week of 2025-07-28,2025-07-28,2025-08-03,"McDonald's (27555-SUNRISE, COMMERCIAL & 94TH)",684455,5579,27555,131,129,6,4.65,28.58,2,1.53,0,0.00,0.00,5.23,6.46,21.88,100.0,0.0,0,3.90,10,2,7,USD
Week of 2025-07-28,2025-07-28,2025-08-03,McDonald's (5990-SOUTHGATE),684457,5579,5990,253,253,13,5.14,63.41,0,0.00,0,0.00,0.40,4.02,4.96,20.61,100.0,0.0,0,4.77,22,0,18,USD
Week of 2025-07-28,2025-07-28,2025-08-03,McDonald's (2565-5TH AVENUE),684468,5579,2565,187,187,8,4.28,66.92,0,0.00,0,0.00,0.00,3.35,4.89,21.15,100.0,0.0,0,3.78,9,2,6,USD
Week of 2025-07-28,2025-07-28,2025-08-03,McDonald's (3555-TAMARAC),684472,5579,3555,262,260,7,2.69,65.75,2,0.76,1,0.38,0.38,4.47,6.42,24.50,98.49,1.51,152,4.60,15,1,13,USD
Week of 2025-07-28,2025-07-28,2025-08-03,McDonald's (12885-MCNAB & ROCK ISLAND),684476,5579,12885,478,474,32,6.75,242.46,4,0.84,2,0.42,0.21,4.84,7.11,24.14,98.09,1.91,192,3.81,32,6,20,USD
Week of 2025-07-28,2025-07-28,2025-08-03,McDonald's (10671-LAKEWOOD),684491,5579,10671,238,235,7,2.98,29.08,3,1.26,0,0.00,0.42,3.42,5.48,22.62,99.64,0.36,30,4.58,12,1,10,USD
Week of 2025-07-28,2025-07-28,2025-08-03,McDonald's (32379-MIRABELLA),684546,5579,32379,461,458,12,2.62,89.24,3,0.65,0,0.00,0.87,3.41,4.95,24.06,99.48,0.52,52,4.52,23,2,19,USD
Week of 2025-07-28,2025-07-28,2025-08-03,McDonald's (16832-BROWARD & 1ST),684559,5579,16832,368,365,14,3.84,107.41,3,0.82,1,0.27,0.00,5.68,7.17,22.99,97.97,2.03,204,3.84,19,4,12,USD
Week of 2025-07-28,2025-07-28,2025-08-03,"McDonald's (29261-BOCA RATON, BOCA CENTER RELO)",684904,5579,29261,206,203,6,2.96,41.76,3,1.46,0,0.00,0.00,3.59,5.40,45.93,100.0,0.0,0,4.50,20,2,17,USD
Week of 2025-07-28,2025-07-28,2025-08-03,McDonald's (24106-PALM AIRE),684906,5579,24106,210,204,9,4.41,73.33,6,2.86,1,0.48,0.95,4.76,6.96,24.47,99.29,0.71,72,3.40,15,5,7,USD
Week of 2025-07-28,2025-07-28,2025-08-03,McDonald's (24636-COPANS RD. & I - 95),684917,5579,24636,221,217,8,3.69,38.38,4,1.81,2,0.91,0.00,4.32,6.85,22.45,99.0,1.0,88,4.58,19,1,14,USD
Week of 2025-07-28,2025-07-28,2025-08-03,McDonald's (6653-DEERFIELD BEACH),684918,5579,6653,335,332,11,3.31,80.95,3,0.90,1,0.30,0.00,4.22,5.93,23.45,100.0,0.0,0,4.47,19,1,15,USD
Week of 2025-07-28,2025-07-28,2025-08-03,McDonald's (4112-SAMPLE ROAD),685069,5579,4112,269,267,9,3.37,46.83,2,0.74,0,0.00,0.00,3.90,5.61,21.55,99.87,0.13,13,4.75,16,0,13,USD
Week of 2025-07-28,2025-07-28,2025-08-03,McDonald's (36313-ATLANTIC EXTENSION II),685071,5579,36313,133,129,9,6.98,88.21,4,3.01,1,0.75,0.75,4.29,6.29,24.53,100.0,0.0,0,4.47,15,1,12,USD
Week of 2025-07-28,2025-07-28,2025-08-03,McDonald's (1585-A & F),685073,5579,1585,280,273,3,1.10,8.95,7,2.50,1,0.36,0.00,5.00,7.33,26.44,98.19,1.81,182,4.64,25,2,22,USD
Week of 2025-07-28,2025-07-28,2025-08-03,McDonald's (1868-PEMBROKE PINES),685633,5579,1868,374,367,12,3.27,74.66,7,1.87,2,0.53,0.27,4.31,5.88,20.56,98.56,1.44,145,4.63,24,2,21,USD
Week of 2025-07-28,2025-07-28,2025-08-03,McDonald's (10881-CONGRESS & 22ND),686273,5579,10881,589,584,21,3.60,109.21,5,0.85,1,0.17,0.00,5.33,6.77,22.77,98.48,1.52,153,4.68,40,2,34,USD
Week of 2025-07-28,2025-07-28,2025-08-03,McDonald's (3482-BOYNTON BEACH),687543,5579,3482,204,203,2,0.99,11.05,1,0.49,0,0.00,0.00,4.29,5.70,23.67,100.0,0.0,0,4.33,12,1,9,USD
Week of 2025-07-28,2025-07-28,2025-08-03,McDonald's (5002-CYPRESS CREEK & POWERLINE),687850,5579,5002,179,172,11,6.40,71.32,7,3.91,2,1.12,1.12,3.48,5.08,22.15,100.0,0.0,0,5.00,10,0,10,USD
Week of 2025-07-28,2025-07-28,2025-08-03,McDonald's (7253-BAY COLONY),688121,5579,7253,156,155,3,1.94,13.09,1,0.64,0,0.00,1.28,3.03,4.53,21.31,100.0,0.0,0,4.71,14,1,13,USD
Week of 2025-07-21,2025-07-21,2025-07-27,McDonald's (1013-NORTH POMPANO),677517,5579,1013,123,123,4,3.25,14.06,0,0.00,0,0.00,0.00,4.65,5.88,18.14,100.0,0.0,0,0.00,0,0,0,USD
Week of 2025-07-21,2025-07-21,2025-07-27,McDonald's (10397-SUNRISE/PINE ISLAND),680307,5579,10397,157,155,3,1.94,19.66,2,1.27,1,0.64,1.27,3.80,5.57,22.34,100.0,0.0,0,4.64,11,0,9,USD
Week of 2025-07-21,2025-07-21,2025-07-27,McDonald's (2533-LAUDERDALE LAKES),680368,5579,2533,339,331,25,7.55,144.01,8,2.36,1,0.30,0.00,5.35,7.13,24.04,98.81,1.19,120,4.42,19,1,14,USD
Week of 2025-07-21,2025-07-21,2025-07-27,McDonald's (13565-GALT OCEAN MILE),680384,5579,13565,48,48,2,4.17,6.31,0,0.00,0,0.00,0.00,4.94,6.33,21.63,99.64,0.36,30,3.67,3,1,2,USD
Week of 2025-07-21,2025-07-21,2025-07-27,McDonald's (2011-CORAL RIDGE),680386,5579,2011,142,141,7,4.96,36.13,1,0.70,1,0.70,0.00,4.41,6.00,24.29,99.64,0.36,30,4.27,11,2,9,USD
Week of 2025-07-21,2025-07-21,2025-07-27,McDonald's (22008-OAKLAND & 55TH),680392,5579,22008,646,625,35,5.60,219.81,21,3.25,6,0.93,0.15,5.17,6.97,26.36,99.02,0.98,99,4.18,57,9,42,USD
Week of 2025-07-21,2025-07-21,2025-07-27,McDonald's (17009-OAKLAND & HIATUS),680394,5579,17009,211,207,10,4.83,42.70,4,1.90,1,0.47,0.00,4.02,5.89,23.82,99.58,0.42,42,5.00,10,0,10,USD
Week of 2025-07-21,2025-07-21,2025-07-27,McDonald's (681-COMMERCIAL),684427,5579,681,184,181,9,4.97,60.93,3,1.63,1,0.54,0.54,3.32,5.34,23.09,100.0,0.0,0,4.70,20,1,18,USD
Week of 2025-07-21,2025-07-21,2025-07-27,McDonald's (6712-EXECUTIVE),684429,5579,6712,144,144,5,3.47,36.91,0,0.00,0,0.00,0.69,4.10,6.54,25.22,100.0,0.0,0,4.64,11,0,9,USD
Week of 2025-07-21,2025-07-21,2025-07-27,McDonald's (7732-OAKLAND FOREST),684443,5579,7732,370,366,17,4.64,107.17,4,1.08,0,0.00,0.27,4.53,6.13,22.14,97.83,2.17,219,4.65,34,2,29,USD
Week of 2025-07-21,2025-07-21,2025-07-27,McDonald's (7158-I-95 & SUNRISE),684444,5579,7158,296,294,14,4.76,74.37,2,0.68,0,0.00,0.00,4.68,6.28,25.00,98.96,1.04,105,4.28,18,2,14,USD
Week of 2025-07-21,2025-07-21,2025-07-27,"McDonald's (27555-SUNRISE, COMMERCIAL & 94TH)",684455,5579,27555,130,129,3,2.33,10.98,1,0.77,0,0.00,0.00,4.77,6.39,21.81,99.64,0.36,30,4.50,6,0,5,USD
Week of 2025-07-21,2025-07-21,2025-07-27,McDonald's (5990-SOUTHGATE),684457,5579,5990,246,244,14,5.74,78.93,2,0.81,0,0.00,0.41,4.35,5.60,20.82,99.32,0.68,60,4.77,13,0,12,USD
Week of 2025-07-21,2025-07-21,2025-07-27,McDonald's (2565-5TH AVENUE),684468,5579,2565,202,201,7,3.48,34.20,1,0.50,0,0.00,0.00,4.31,5.70,22.23,99.66,0.34,30,4.00,6,1,4,USD
Week of 2025-07-21,2025-07-21,2025-07-27,McDonald's (3555-TAMARAC),684472,5579,3555,265,260,9,3.46,55.41,5,1.89,0,0.00,0.75,4.18,6.00,23.48,99.51,0.49,49,4.13,16,2,11,USD
Week of 2025-07-21,2025-07-21,2025-07-27,McDonald's (12885-MCNAB & ROCK ISLAND),684476,5579,12885,493,489,26,5.32,164.71,4,0.81,1,0.20,0.41,5.28,7.08,23.85,97.88,2.12,214,3.75,32,6,18,USD
Week of 2025-07-21,2025-07-21,2025-07-27,McDonald's (10671-LAKEWOOD),684491,5579,10671,253,249,4,1.61,25.88,4,1.58,1,0.40,0.00,3.86,5.91,23.51,98.94,1.06,89,4.92,12,0,11,USD
Week of 2025-07-21,2025-07-21,2025-07-27,McDonald's (32379-MIRABELLA),684546,5579,32379,510,509,15,2.95,97.68,1,0.20,0,0.00,0.00,3.43,5.18,28.29,99.32,0.68,69,4.69,35,1,28,USD
Week of 2025-07-21,2025-07-21,2025-07-27,McDonald's (16832-BROWARD & 1ST),684559,5579,16832,384,379,12,3.17,91.73,5,1.30,3,0.78,0.00,5.43,6.79,23.28,98.4,1.6,161,4.36,14,2,11,USD
Week of 2025-07-21,2025-07-21,2025-07-27,"McDonald's (29261-BOCA RATON, BOCA CENTER RELO)",684904,5579,29261,172,169,6,3.55,63.37,3,1.74,0,0.00,0.58,3.55,5.22,52.60,100.0,0.0,0,3.40,10,4,6,USD
Week of 2025-07-21,2025-07-21,2025-07-27,McDonald's (24106-PALM AIRE),684906,5579,24106,183,179,9,5.03,68.16,4,2.19,0,0.00,0.00,4.06,6.46,24.96,99.48,0.52,52,4.13,8,1,6,USD
Week of 2025-07-21,2025-07-21,2025-07-27,McDonald's (24636-COPANS RD. & I - 95),684917,5579,24636,210,208,6,2.88,28.75,2,0.95,0,0.00,0.00,4.78,7.75,23.16,98.99,1.01,89,3.95,20,4,13,USD
Week of 2025-07-21,2025-07-21,2025-07-27,McDonald's (6653-DEERFIELD BEACH),684918,5579,6653,351,347,17,4.90,132.02,4,1.14,1,0.28,0.00,4.43,6.09,25.93,98.98,1.02,90,4.28,29,4,22,USD
Week of 2025-07-21,2025-07-21,2025-07-27,McDonald's (4112-SAMPLE ROAD),685069,5579,4112,292,290,4,1.38,17.66,2,0.68,1,0.34,0.00,3.55,5.15,21.50,99.6,0.4,40,4.44,18,2,15,USD
Week of 2025-07-21,2025-07-21,2025-07-27,McDonald's (36313-ATLANTIC EXTENSION II),685071,5579,36313,107,106,7,6.60,77.86,1,0.93,0,0.00,0.00,3.15,4.85,23.03,100.0,0.0,0,4.00,4,1,3,USD
Week of 2025-07-21,2025-07-21,2025-07-27,McDonald's (1585-A & F),685073,5579,1585,278,272,7,2.57,36.53,6,2.16,2,0.72,0.36,4.83,7.52,22.34,97.92,2.08,210,4.33,18,2,14,USD
Week of 2025-07-21,2025-07-21,2025-07-27,McDonald's (1868-PEMBROKE PINES),685633,5579,1868,352,346,6,1.73,52.77,6,1.70,3,0.85,0.28,3.94,5.83,21.51,99.7,0.3,30,4.59,22,2,19,USD
Week of 2025-07-21,2025-07-21,2025-07-27,McDonald's (10881-CONGRESS & 22ND),686273,5579,10881,569,567,29,5.11,168.06,2,0.35,1,0.18,0.00,4.95,6.49,22.14,98.32,1.68,169,4.74,34,2,31,USD
Week of 2025-07-21,2025-07-21,2025-07-27,McDonald's (3482-BOYNTON BEACH),687543,5579,3482,222,218,6,2.75,35.41,4,1.80,1,0.45,0.00,4.10,5.32,25.88,99.64,0.36,30,4.62,13,1,11,USD
Week of 2025-07-21,2025-07-21,2025-07-27,McDonald's (5002-CYPRESS CREEK & POWERLINE),687850,5579,5002,195,194,5,2.58,36.65,1,0.51,0,0.00,0.51,4.16,5.97,23.05,100.0,0.0,0,4.55,11,0,8,USD
Week of 2025-07-21,2025-07-21,2025-07-27,McDonald's (7253-BAY COLONY),688121,5579,7253,125,121,5,4.13,28.85,4,3.20,2,1.60,0.00,5.32,7.39,24.71,98.98,1.02,86,4.33,6,1,5,USD
Week of 2025-07-14,2025-07-14,2025-07-20,McDonald's (1013-NORTH POMPANO),677517,5579,1013,113,112,4,3.57,9.52,1,0.89,0,0.00,0.00,3.90,5.04,17.71,100.0,0.0,0,3.50,6,2,3,USD
Week of 2025-07-14,2025-07-14,2025-07-20,McDonald's (10397-SUNRISE/PINE ISLAND),680307,5579,10397,143,141,3,2.13,12.14,2,1.40,0,0.00,0.00,3.68,5.39,23.51,100.0,0.0,0,4.82,11,0,9,USD
Week of 2025-07-14,2025-07-14,2025-07-20,McDonald's (2533-LAUDERDALE LAKES),680368,5579,2533,300,295,29,9.83,185.71,5,1.67,0,0.00,1.00,5.07,7.02,23.07,98.41,1.59,160,4.21,19,1,13,USD
Week of 2025-07-14,2025-07-14,2025-07-20,McDonald's (13565-GALT OCEAN MILE),680384,5579,13565,45,45,1,2.22,5.34,0,0.00,0,0.00,0.00,4.19,5.62,20.96,100.0,0.0,0,2.50,2,1,0,USD
Week of 2025-07-14,2025-07-14,2025-07-20,McDonald's (2011-CORAL RIDGE),680386,5579,2011,150,149,4,2.68,12.51,1,0.67,1,0.67,0.00,4.01,5.28,20.56,100.0,0.0,0,3.82,11,3,7,USD
Week of 2025-07-14,2025-07-14,2025-07-20,McDonald's (22008-OAKLAND & 55TH),680392,5579,22008,666,652,28,4.29,166.57,14,2.10,7,1.05,0.15,5.04,7.14,26.13,98.86,1.14,115,4.07,44,7,28,USD
Week of 2025-07-14,2025-07-14,2025-07-20,McDonald's (17009-OAKLAND & HIATUS),680394,5579,17009,179,175,8,4.57,30.24,4,2.23,1,0.56,0.56,4.14,6.08,22.80,100.0,0.0,0,5.00,6,0,6,USD
Week of 2025-07-14,2025-07-14,2025-07-20,McDonald's (681-COMMERCIAL),684427,5579,681,158,156,9,5.77,52.31,2,1.27,2,1.27,0.00,3.03,4.95,19.93,100.0,0.0,0,4.50,16,1,11,USD
Week of 2025-07-14,2025-07-14,2025-07-20,McDonald's (6712-EXECUTIVE),684429,5579,6712,148,146,7,4.79,52.00,2,1.35,0,0.00,0.00,4.28,6.54,23.98,99.32,0.68,60,4.75,16,1,15,USD
Week of 2025-07-14,2025-07-14,2025-07-20,McDonald's (7732-OAKLAND FOREST),684443,5579,7732,354,352,13,3.69,126.03,2,0.57,1,0.28,0.57,4.82,6.61,22.42,98.73,1.27,128,4.20,30,5,21,USD
Week of 2025-07-14,2025-07-14,2025-07-20,McDonald's (7158-I-95 & SUNRISE),684444,5579,7158,257,254,12,4.72,84.38,3,1.17,2,0.78,1.17,4.42,6.71,22.61,95.96,4.04,407,3.95,22,4,14,USD
Week of 2025-07-14,2025-07-14,2025-07-20,"McDonald's (27555-SUNRISE, COMMERCIAL & 94TH)",684455,5579,27555,152,151,11,7.28,57.85,1,0.66,0,0.00,0.00,5.21,6.69,21.99,99.29,0.71,60,4.38,13,1,9,USD
Week of 2025-07-14,2025-07-14,2025-07-20,McDonald's (5990-SOUTHGATE),684457,5579,5990,241,239,13,5.44,47.41,2,0.83,0,0.00,0.00,5.34,6.49,21.00,99.32,0.68,60,4.63,16,1,13,USD
Week of 2025-07-14,2025-07-14,2025-07-20,McDonald's (2565-5TH AVENUE),684468,5579,2565,234,231,5,2.16,23.51,3,1.28,1,0.43,0.00,3.93,5.37,24.03,99.67,0.33,29,5.00,5,0,5,USD
Week of 2025-07-14,2025-07-14,2025-07-20,McDonald's (3555-TAMARAC),684472,5579,3555,250,246,8,3.25,43.99,4,1.60,1,0.40,0.40,4.89,6.97,24.21,98.72,1.28,129,3.91,11,2,7,USD
Week of 2025-07-14,2025-07-14,2025-07-20,McDonald's (12885-MCNAB & ROCK ISLAND),684476,5579,12885,462,453,33,7.28,188.72,9,1.95,2,0.43,0.00,6.26,8.24,24.06,98.15,1.85,186,3.87,30,6,17,USD
Week of 2025-07-14,2025-07-14,2025-07-20,McDonald's (10671-LAKEWOOD),684491,5579,10671,259,256,2,0.78,7.32,3,1.16,0,0.00,0.00,3.72,5.72,24.29,100.0,0.0,0,4.76,17,0,14,USD
Week of 2025-07-14,2025-07-14,2025-07-20,McDonald's (32379-MIRABELLA),684546,5579,32379,599,591,16,2.71,90.27,8,1.34,5,0.83,0.50,3.42,5.05,21.73,99.62,0.38,38,4.31,36,5,26,USD
Week of 2025-07-14,2025-07-14,2025-07-20,McDonald's (16832-BROWARD & 1ST),684559,5579,16832,469,455,25,5.49,196.58,14,2.99,4,0.85,0.00,5.12,6.54,23.47,99.01,0.99,100,4.22,23,3,17,USD
Week of 2025-07-14,2025-07-14,2025-07-20,"McDonald's (29261-BOCA RATON, BOCA CENTER RELO)",684904,5579,29261,174,173,7,4.05,30.38,1,0.57,0,0.00,0.00,3.65,5.34,37.20,100.0,0.0,0,4.75,12,0,11,USD
Week of 2025-07-14,2025-07-14,2025-07-20,McDonald's (24106-PALM AIRE),684906,5579,24106,206,197,5,2.54,32.80,9,4.37,4,1.94,0.00,3.96,6.59,25.45,98.99,1.01,102,4.27,11,2,9,USD
Week of 2025-07-14,2025-07-14,2025-07-20,McDonald's (24636-COPANS RD. & I - 95),684917,5579,24636,212,211,6,2.84,23.41,1,0.47,0,0.00,0.00,4.23,6.19,20.77,99.33,0.67,59,3.67,21,5,11,USD
Week of 2025-07-14,2025-07-14,2025-07-20,McDonald's (6653-DEERFIELD BEACH),684918,5579,6653,289,285,12,4.21,99.49,4,1.38,1,0.35,0.35,4.01,5.72,21.99,99.32,0.68,60,4.44,16,1,12,USD
Week of 2025-07-14,2025-07-14,2025-07-20,McDonald's (4112-SAMPLE ROAD),685069,5579,4112,305,304,12,3.95,62.64,1,0.33,0,0.00,0.00,3.74,5.79,22.53,100.0,0.0,0,4.25,20,2,13,USD
Week of 2025-07-14,2025-07-14,2025-07-20,McDonald's (36313-ATLANTIC EXTENSION II),685071,5579,36313,132,132,5,3.79,46.09,0,0.00,0,0.00,0.00,4.67,6.37,25.28,100.0,0.0,0,3.67,3,1,2,USD
Week of 2025-07-14,2025-07-14,2025-07-20,McDonald's (1585-A & F),685073,5579,1585,267,266,10,3.76,82.67,1,0.37,0,0.00,0.37,4.78,6.86,22.56,98.55,1.45,146,4.31,13,2,10,USD
Week of 2025-07-14,2025-07-14,2025-07-20,McDonald's (1868-PEMBROKE PINES),685633,5579,1868,398,397,22,5.54,206.16,1,0.25,1,0.25,0.25,4.49,6.08,21.46,98.81,1.19,120,4.35,20,1,14,USD
Week of 2025-07-14,2025-07-14,2025-07-20,McDonald's (10881-CONGRESS & 22ND),686273,5579,10881,584,571,31,5.43,165.25,13,2.23,5,0.86,0.17,5.12,6.81,24.66,99.7,0.3,30,4.20,46,6,33,USD
Week of 2025-07-14,2025-07-14,2025-07-20,McDonald's (3482-BOYNTON BEACH),687543,5579,3482,198,195,3,1.54,16.90,3,1.52,1,0.51,0.00,4.77,6.02,23.01,100.0,0.0,0,4.16,19,2,13,USD
Week of 2025-07-14,2025-07-14,2025-07-20,McDonald's (5002-CYPRESS CREEK & POWERLINE),687850,5579,5002,175,173,4,2.31,55.71,2,1.14,0,0.00,0.00,4.12,5.64,22.46,100.0,0.0,0,3.60,5,1,3,USD
Week of 2025-07-14,2025-07-14,2025-07-20,McDonald's (7253-BAY COLONY),688121,5579,7253,129,127,6,4.72,25.22,2,1.55,2,1.55,0.00,4.26,5.97,34.47,99.81,0.19,16,4.55,11,0,7,USD
Week of 2025-07-07,2025-07-07,2025-07-13,McDonald's (1013-NORTH POMPANO),677517,5579,1013,138,136,4,2.94,20.25,2,1.45,1,0.72,0.00,4.94,6.14,19.39,99.64,0.36,30,4.00,4,1,3,USD
Week of 2025-07-07,2025-07-07,2025-07-13,McDonald's (10397-SUNRISE/PINE ISLAND),680307,5579,10397,147,145,5,3.45,37.25,2,1.36,0,0.00,0.00,4.38,5.96,25.97,99.64,0.36,30,4.30,10,1,6,USD
Week of 2025-07-07,2025-07-07,2025-07-13,McDonald's (2533-LAUDERDALE LAKES),680368,5579,2533,340,333,28,8.41,164.23,7,2.06,4,1.18,0.29,5.58,7.41,24.79,98.51,1.49,150,4.10,20,2,9,USD
Week of 2025-07-07,2025-07-07,2025-07-13,McDonald's (13565-GALT OCEAN MILE),680384,5579,13565,55,55,3,5.45,6.16,0,0.00,0,0.00,0.00,4.46,5.72,22.64,100.0,0.0,0,4.33,6,0,2,USD
Week of 2025-07-07,2025-07-07,2025-07-13,McDonald's (2011-CORAL RIDGE),680386,5579,2011,167,167,8,4.79,47.00,0,0.00,0,0.00,0.60,5.03,6.60,22.40,99.64,0.36,30,4.06,16,2,8,USD
Week of 2025-07-07,2025-07-07,2025-07-13,McDonald's (22008-OAKLAND & 55TH),680392,5579,22008,686,678,35,5.16,218.49,8,1.17,3,0.44,0.15,5.16,7.21,24.48,99.31,0.69,70,3.90,51,10,26,USD
Week of 2025-07-07,2025-07-07,2025-07-13,McDonald's (17009-OAKLAND & HIATUS),680394,5579,17009,179,174,7,4.02,53.51,5,2.79,2,1.12,0.56,6.06,8.02,23.90,98.81,1.19,120,4.77,13,0,10,USD
Week of 2025-07-07,2025-07-07,2025-07-13,McDonald's (681-COMMERCIAL),684427,5579,681,191,190,5,2.63,56.63,1,0.52,0,0.00,0.00,3.30,4.57,20.22,100.0,0.0,0,4.27,15,2,10,USD
Week of 2025-07-07,2025-07-07,2025-07-13,McDonald's (6712-EXECUTIVE),684429,5579,6712,129,128,7,5.47,54.41,1,0.78,0,0.00,0.00,4.85,7.84,22.71,99.66,0.34,30,3.78,9,2,6,USD
Week of 2025-07-07,2025-07-07,2025-07-13,McDonald's (7732-OAKLAND FOREST),684443,5579,7732,370,361,14,3.88,85.61,9,2.43,1,0.27,1.08,5.18,6.81,22.72,98.07,1.93,194,3.85,26,5,12,USD
Week of 2025-07-07,2025-07-07,2025-07-13,McDonald's (7158-I-95 & SUNRISE),684444,5579,7158,354,347,15,4.32,134.89,7,1.98,2,0.57,0.57,5.32,7.37,23.16,98.42,1.58,159,4.22,18,2,11,USD
Week of 2025-07-07,2025-07-07,2025-07-13,"McDonald's (27555-SUNRISE, COMMERCIAL & 94TH)",684455,5579,27555,131,128,3,2.34,5.09,3,2.29,0,0.00,0.00,4.81,6.42,21.21,100.0,0.0,0,4.67,6,0,4,USD
Week of 2025-07-07,2025-07-07,2025-07-13,McDonald's (5990-SOUTHGATE),684457,5579,5990,269,268,16,5.97,85.37,1,0.37,0,0.00,0.37,6.30,7.71,22.58,99.33,0.67,59,4.45,20,0,10,USD
Week of 2025-07-07,2025-07-07,2025-07-13,McDonald's (2565-5TH AVENUE),684468,5579,2565,254,249,10,4.02,23.26,5,1.97,1,0.39,0.00,4.29,6.13,21.99,99.66,0.34,30,3.83,12,3,7,USD
Week of 2025-07-07,2025-07-07,2025-07-13,McDonald's (3555-TAMARAC),684472,5579,3555,240,239,8,3.35,62.01,1,0.42,0,0.00,0.42,5.44,7.22,23.90,99.29,0.71,72,3.13,8,3,2,USD
Week of 2025-07-07,2025-07-07,2025-07-13,McDonald's (12885-MCNAB & ROCK ISLAND),684476,5579,12885,504,489,31,6.34,177.37,15,2.98,5,0.99,0.40,6.19,8.35,24.35,97.83,2.17,219,3.65,20,3,7,USD
Week of 2025-07-07,2025-07-07,2025-07-13,McDonald's (10671-LAKEWOOD),684491,5579,10671,229,228,7,3.07,34.50,1,0.44,0,0.00,0.00,4.30,6.05,22.02,99.64,0.36,30,4.45,11,1,8,USD
Week of 2025-07-07,2025-07-07,2025-07-13,McDonald's (32379-MIRABELLA),684546,5579,32379,569,562,18,3.20,88.74,7,1.23,3,0.53,0.35,3.70,5.23,22.19,99.21,0.79,80,4.44,34,3,24,USD
Week of 2025-07-07,2025-07-07,2025-07-13,McDonald's (16832-BROWARD & 1ST),684559,5579,16832,462,453,13,2.87,85.91,9,1.95,3,0.65,0.00,5.94,7.55,24.07,97.52,2.48,250,3.86,35,5,15,USD
Week of 2025-07-07,2025-07-07,2025-07-13,"McDonald's (29261-BOCA RATON, BOCA CENTER RELO)",684904,5579,29261,192,190,2,1.05,14.21,2,1.04,0,0.00,0.00,3.78,5.29,48.77,100.0,0.0,0,4.43,7,1,6,USD
Week of 2025-07-07,2025-07-07,2025-07-13,McDonald's (24106-PALM AIRE),684906,5579,24106,188,184,4,2.17,40.38,4,2.13,2,1.06,2.66,4.70,6.83,25.02,99.49,0.51,51,4.91,11,0,10,USD
Week of 2025-07-07,2025-07-07,2025-07-13,McDonald's (24636-COPANS RD. & I - 95),684917,5579,24636,220,217,9,4.15,63.98,3,1.36,0,0.00,0.00,3.66,5.78,19.89,100.0,0.0,0,4.08,12,2,7,USD
Week of 2025-07-07,2025-07-07,2025-07-13,McDonald's (6653-DEERFIELD BEACH),684918,5579,6653,329,328,23,7.01,155.35,1,0.30,0,0.00,0.00,4.41,6.25,25.31,98.98,1.02,90,3.92,24,4,11,USD
Week of 2025-07-07,2025-07-07,2025-07-13,McDonald's (4112-SAMPLE ROAD),685069,5579,4112,279,273,7,2.56,33.51,6,2.15,3,1.08,1.08,4.68,6.20,26.74,99.4,0.6,60,4.83,18,0,15,USD
Week of 2025-07-07,2025-07-07,2025-07-13,McDonald's (36313-ATLANTIC EXTENSION II),685071,5579,36313,108,106,6,5.66,53.81,2,1.85,0,0.00,0.00,4.67,6.66,25.12,100.0,0.0,0,4.57,7,0,4,USD
Week of 2025-07-07,2025-07-07,2025-07-13,McDonald's (1585-A & F),685073,5579,1585,253,246,12,4.88,97.74,7,2.77,5,1.98,0.79,5.01,7.76,22.48,98.81,1.19,120,3.73,15,4,8,USD
Week of 2025-07-07,2025-07-07,2025-07-13,McDonald's (1868-PEMBROKE PINES),685633,5579,1868,399,392,17,4.34,89.89,7,1.75,2,0.50,0.25,5.26,7.01,21.49,98.81,1.19,120,4.22,18,2,10,USD
Week of 2025-07-07,2025-07-07,2025-07-13,McDonald's (10881-CONGRESS & 22ND),686273,5579,10881,607,597,32,5.36,163.71,10,1.65,3,0.49,0.49,5.45,6.87,22.57,99.1,0.9,90,4.06,51,8,28,USD
Week of 2025-07-07,2025-07-07,2025-07-13,McDonald's (3482-BOYNTON BEACH),687543,5579,3482,253,250,14,5.60,107.66,3,1.19,0,0.00,0.40,5.09,6.61,24.22,100.0,0.0,0,3.87,15,3,7,USD
Week of 2025-07-07,2025-07-07,2025-07-13,McDonald's (5002-CYPRESS CREEK & POWERLINE),687850,5579,5002,178,177,6,3.39,20.33,1,0.56,1,0.56,0.00,4.60,6.41,24.31,99.64,0.36,30,4.14,7,0,2,USD
Week of 2025-07-07,2025-07-07,2025-07-13,McDonald's (7253-BAY COLONY),688121,5579,7253,129,124,5,4.03,19.51,5,3.88,4,3.10,1.55,4.09,6.05,21.40,99.59,0.41,34,4.29,7,0,2,USD
Week of 2025-06-30,2025-06-30,2025-07-06,McDonald's (1013-NORTH POMPANO),677517,5579,1013,135,135,8,5.93,73.53,0,0.00,0,0.00,0.00,4.36,5.64,18.56,99.64,0.36,30,4.14,7,1,4,USD
Week of 2025-06-30,2025-06-30,2025-07-06,McDonald's (10397-SUNRISE/PINE ISLAND),680307,5579,10397,163,162,2,1.23,22.28,1,0.61,1,0.61,0.00,4.30,6.14,22.06,100.0,0.0,0,4.44,9,0,5,USD
Week of 2025-06-30,2025-06-30,2025-07-06,McDonald's (2533-LAUDERDALE LAKES),680368,5579,2533,347,336,10,2.98,87.37,11,3.17,4,1.15,0.00,5.92,7.95,26.94,98.21,1.79,180,4.42,31,2,19,USD
Week of 2025-06-30,2025-06-30,2025-07-06,McDonald's (13565-GALT OCEAN MILE),680384,5579,13565,43,42,2,4.76,48.11,1,2.33,0,0.00,0.00,4.57,6.10,20.33,100.0,0.0,0,5.00,3,0,3,USD
Week of 2025-06-30,2025-06-30,2025-07-06,McDonald's (2011-CORAL RIDGE),680386,5579,2011,125,123,5,4.07,30.75,2,1.60,0,0.00,0.00,4.40,5.80,21.37,99.64,0.36,30,4.22,9,1,5,USD
Week of 2025-06-30,2025-06-30,2025-07-06,McDonald's (22008-OAKLAND & 55TH),680392,5579,22008,528,516,28,5.43,162.42,12,2.27,7,1.33,0.00,5.35,7.60,26.43,97.46,2.54,256,4.13,40,6,25,USD
Week of 2025-06-30,2025-06-30,2025-07-06,McDonald's (17009-OAKLAND & HIATUS),680394,5579,17009,159,156,3,1.92,12.40,3,1.89,1,0.63,0.00,4.34,6.13,22.18,99.35,0.65,60,4.79,14,0,11,USD
Week of 2025-06-30,2025-06-30,2025-07-06,McDonald's (681-COMMERCIAL),684427,5579,681,159,158,7,4.43,24.56,1,0.63,0,0.00,0.63,3.21,4.75,21.14,100.0,0.0,0,4.69,16,0,11,USD
Week of 2025-06-30,2025-06-30,2025-07-06,McDonald's (6712-EXECUTIVE),684429,5579,6712,112,112,6,5.36,31.83,0,0.00,0,0.00,0.00,4.97,7.46,22.98,99.66,0.34,30,4.22,9,1,5,USD
Week of 2025-06-30,2025-06-30,2025-07-06,McDonald's (7732-OAKLAND FOREST),684443,5579,7732,270,265,10,3.77,60.68,5,1.85,2,0.74,0.00,4.53,6.21,21.87,98.88,1.12,113,4.94,17,0,16,USD
Week of 2025-06-30,2025-06-30,2025-07-06,McDonald's (7158-I-95 & SUNRISE),684444,5579,7158,252,249,11,4.42,69.56,3,1.19,1,0.40,0.00,4.22,5.99,21.83,99.41,0.59,59,4.47,15,1,10,USD
Week of 2025-06-30,2025-06-30,2025-07-06,"McDonald's (27555-SUNRISE, COMMERCIAL & 94TH)",684455,5579,27555,100,100,3,3.00,10.50,0,0.00,0,0.00,0.00,4.44,5.92,21.25,100.0,0.0,0,4.60,5,0,3,USD
Week of 2025-06-30,2025-06-30,2025-07-06,McDonald's (5990-SOUTHGATE),684457,5579,5990,216,213,13,6.10,69.52,3,1.39,1,0.46,0.93,4.33,5.41,20.62,99.38,0.62,55,3.22,18,7,7,USD
Week of 2025-06-30,2025-06-30,2025-07-06,McDonald's (2565-5TH AVENUE),684468,5579,2565,197,196,13,6.63,46.14,1,0.51,0,0.00,0.00,3.99,5.55,22.64,100.0,0.0,0,2.88,16,8,6,USD
Week of 2025-06-30,2025-06-30,2025-07-06,McDonald's (3555-TAMARAC),684472,5579,3555,243,239,6,2.51,40.72,4,1.65,3,1.23,0.82,4.52,6.51,22.83,98.91,1.09,110,3.76,17,2,4,USD
Week of 2025-06-30,2025-06-30,2025-07-06,McDonald's (12885-MCNAB & ROCK ISLAND),684476,5579,12885,458,450,26,5.78,142.54,8,1.75,6,1.31,0.22,5.93,8.30,25.01,97.66,2.34,236,3.73,33,7,14,USD
Week of 2025-06-30,2025-06-30,2025-07-06,McDonald's (10671-LAKEWOOD),684491,5579,10671,223,221,3,1.36,10.33,2,0.90,0,0.00,0.00,3.74,5.62,22.16,100.0,0.0,0,4.55,11,0,6,USD
Week of 2025-06-30,2025-06-30,2025-07-06,McDonald's (32379-MIRABELLA),684546,5579,32379,421,415,8,1.93,30.44,6,1.43,2,0.48,0.24,2.75,4.61,22.42,99.79,0.21,21,4.57,14,1,11,USD
Week of 2025-06-30,2025-06-30,2025-07-06,McDonald's (16832-BROWARD & 1ST),684559,5579,16832,342,336,8,2.38,22.75,6,1.75,3,0.88,0.29,5.60,7.27,24.06,97.11,2.89,291,4.33,21,2,13,USD
Week of 2025-06-30,2025-06-30,2025-07-06,"McDonald's (29261-BOCA RATON, BOCA CENTER RELO)",684904,5579,29261,175,174,7,4.02,22.76,1,0.57,0,0.00,0.00,3.20,5.18,49.98,100.0,0.0,0,4.55,11,0,8,USD
Week of 2025-06-30,2025-06-30,2025-07-06,McDonald's (24106-PALM AIRE),684906,5579,24106,206,195,7,3.59,32.87,11,5.34,2,0.97,0.49,4.28,6.88,25.54,99.78,0.22,22,3.25,8,3,3,USD
Week of 2025-06-30,2025-06-30,2025-07-06,McDonald's (24636-COPANS RD. & I - 95),684917,5579,24636,200,199,11,5.53,86.50,1,0.50,0,0.00,0.00,4.12,6.46,20.96,99.32,0.68,60,3.72,18,4,9,USD
Week of 2025-06-30,2025-06-30,2025-07-06,McDonald's (6653-DEERFIELD BEACH),684918,5579,6653,267,265,12,4.53,108.13,2,0.75,2,0.75,0.00,4.51,6.39,23.80,98.65,1.35,119,3.61,18,5,9,USD
Week of 2025-06-30,2025-06-30,2025-07-06,McDonald's (4112-SAMPLE ROAD),685069,5579,4112,297,294,7,2.38,43.08,3,1.01,3,1.01,0.34,3.89,5.69,22.49,99.7,0.3,30,4.50,12,0,6,USD
Week of 2025-06-30,2025-06-30,2025-07-06,McDonald's (36313-ATLANTIC EXTENSION II),685071,5579,36313,101,99,5,5.05,40.71,2,1.98,0,0.00,0.00,3.67,5.45,23.52,99.66,0.34,30,3.86,7,2,5,USD
Week of 2025-06-30,2025-06-30,2025-07-06,McDonald's (1585-A & F),685073,5579,1585,206,199,4,2.01,11.51,7,3.40,3,1.46,0.00,4.67,6.61,25.65,98.52,1.48,149,4.00,10,2,6,USD
Week of 2025-06-30,2025-06-30,2025-07-06,McDonald's (1868-PEMBROKE PINES),685633,5579,1868,335,331,9,2.72,48.28,4,1.19,1,0.30,0.00,4.41,6.03,21.69,97.82,2.18,220,4.43,14,0,8,USD
Week of 2025-06-30,2025-06-30,2025-07-06,McDonald's (10881-CONGRESS & 22ND),686273,5579,10881,522,512,18,3.52,59.50,10,1.92,2,0.38,0.19,4.03,5.75,21.44,98.88,1.12,112,4.00,47,10,30,USD
Week of 2025-06-30,2025-06-30,2025-07-06,McDonald's (3482-BOYNTON BEACH),687543,5579,3482,233,229,7,3.06,37.99,4,1.72,0,0.00,0.00,4.41,6.05,25.25,100.0,0.0,0,4.18,11,1,5,USD
Week of 2025-06-30,2025-06-30,2025-07-06,McDonald's (5002-CYPRESS CREEK & POWERLINE),687850,5579,5002,137,135,5,3.70,13.82,2,1.46,0,0.00,0.73,3.26,4.78,22.53,100.0,0.0,0,4.33,9,1,6,USD
Week of 2025-06-30,2025-06-30,2025-07-06,McDonald's (7253-BAY COLONY),688121,5579,7253,138,135,5,3.70,41.66,3,2.17,2,1.45,0.72,3.64,5.36,22.85,99.64,0.36,30,4.70,10,0,7,USD
Week of 2025-06-23,2025-06-23,2025-06-29,McDonald's (1013-NORTH POMPANO),677517,5579,1013,115,114,2,1.75,8.33,1,0.87,0,0.00,0.00,4.33,5.24,19.09,100.0,0.0,0,4.60,5,0,3,USD
Week of 2025-06-23,2025-06-23,2025-06-29,McDonald's (10397-SUNRISE/PINE ISLAND),680307,5579,10397,141,141,2,1.42,11.71,0,0.00,0,0.00,0.00,4.19,6.17,23.13,99.64,0.36,30,4.58,12,0,7,USD
Week of 2025-06-23,2025-06-23,2025-06-29,McDonald's (2533-LAUDERDALE LAKES),680368,5579,2533,296,289,15,5.19,119.54,7,2.36,6,2.03,1.35,5.09,6.92,24.56,99.3,0.7,71,3.63,27,8,15,USD
Week of 2025-06-23,2025-06-23,2025-06-29,McDonald's (13565-GALT OCEAN MILE),680384,5579,13565,34,33,2,6.06,5.32,1,2.94,0,0.00,0.00,3.68,5.18,22.48,100.0,0.0,0,3.00,2,1,1,USD
Week of 2025-06-23,2025-06-23,2025-06-29,McDonald's (2011-CORAL RIDGE),680386,5579,2011,96,96,2,2.08,11.37,0,0.00,0,0.00,0.00,4.70,5.95,21.17,100.0,0.0,0,4.46,13,1,9,USD
Week of 2025-06-23,2025-06-23,2025-06-29,McDonald's (22008-OAKLAND & 55TH),680392,5579,22008,502,490,23,4.69,200.98,12,2.39,8,1.59,0.00,4.23,6.32,24.43,99.67,0.33,33,4.16,32,4,17,USD
Week of 2025-06-23,2025-06-23,2025-06-29,McDonald's (17009-OAKLAND & HIATUS),680394,5579,17009,141,141,3,2.13,43.44,0,0.00,0,0.00,0.71,4.27,5.83,21.34,100.0,0.0,0,3.53,17,5,8,USD
Week of 2025-06-23,2025-06-23,2025-06-29,McDonald's (681-COMMERCIAL),684427,5579,681,159,157,1,0.64,1.96,2,1.26,1,0.63,0.63,2.91,4.90,20.20,100.0,0.0,0,4.13,15,1,7,USD
Week of 2025-06-23,2025-06-23,2025-06-29,McDonald's (6712-EXECUTIVE),684429,5579,6712,93,91,2,2.20,1.85,2,2.15,1,1.08,0.00,4.39,6.93,21.54,100.0,0.0,0,3.89,9,2,5,USD
Week of 2025-06-23,2025-06-23,2025-06-29,McDonald's (7732-OAKLAND FOREST),684443,5579,7732,340,337,18,5.34,95.05,3,0.88,1,0.29,0.29,4.67,6.13,21.32,98.81,1.19,120,4.42,19,2,14,USD
Week of 2025-06-23,2025-06-23,2025-06-29,McDonald's (7158-I-95 & SUNRISE),684444,5579,7158,255,253,8,3.16,61.56,2,0.78,0,0.00,0.39,4.08,5.89,22.51,99.32,0.68,69,4.20,15,1,8,USD
Week of 2025-06-23,2025-06-23,2025-06-29,"McDonald's (27555-SUNRISE, COMMERCIAL & 94TH)",684455,5579,27555,112,112,4,3.57,10.47,0,0.00,0,0.00,0.00,3.61,5.30,33.63,100.0,0.0,0,4.60,10,0,6,USD
Week of 2025-06-23,2025-06-23,2025-06-29,McDonald's (5990-SOUTHGATE),684457,5579,5990,200,198,8,4.04,42.56,2,1.00,0,0.00,0.00,3.60,4.77,26.28,99.66,0.34,30,3.60,10,2,5,USD
Week of 2025-06-23,2025-06-23,2025-06-29,McDonald's (2565-5TH AVENUE),684468,5579,2565,185,183,5,2.73,30.44,2,1.08,2,1.08,1.08,3.61,5.24,20.57,100.0,0.0,0,3.57,7,2,3,USD
Week of 2025-06-23,2025-06-23,2025-06-29,McDonald's (3555-TAMARAC),684472,5579,3555,222,220,7,3.18,16.78,2,0.90,0,0.00,0.90,4.25,6.48,31.90,99.4,0.6,60,4.45,11,1,8,USD
Week of 2025-06-23,2025-06-23,2025-06-29,McDonald's (12885-MCNAB & ROCK ISLAND),684476,5579,12885,442,433,17,3.93,74.83,9,2.04,2,0.45,0.23,5.72,7.73,24.71,98.59,1.41,142,3.59,17,3,5,USD
Week of 2025-06-23,2025-06-23,2025-06-29,McDonald's (10671-LAKEWOOD),684491,5579,10671,207,205,5,2.44,27.82,2,0.97,1,0.48,0.00,3.85,5.58,22.92,100.0,0.0,0,4.19,16,1,9,USD
Week of 2025-06-23,2025-06-23,2025-06-29,McDonald's (32379-MIRABELLA),684546,5579,32379,398,397,10,2.52,86.44,1,0.25,0,0.00,0.25,3.61,5.10,22.47,99.7,0.3,30,4.28,40,3,23,USD
Week of 2025-06-23,2025-06-23,2025-06-29,McDonald's (16832-BROWARD & 1ST),684559,5579,16832,328,322,12,3.73,63.00,6,1.83,2,0.61,0.00,5.13,6.65,21.47,99.6,0.4,40,4.25,20,2,12,USD
Week of 2025-06-23,2025-06-23,2025-06-29,"McDonald's (29261-BOCA RATON, BOCA CENTER RELO)",684904,5579,29261,171,171,2,1.17,15.47,0,0.00,0,0.00,0.00,3.36,4.98,51.49,100.0,0.0,0,4.63,16,1,13,USD
Week of 2025-06-23,2025-06-23,2025-06-29,McDonald's (24106-PALM AIRE),684906,5579,24106,175,170,10,5.88,78.08,5,2.86,0,0.00,0.00,3.81,6.02,23.79,100.0,0.0,0,4.42,12,1,8,USD
Week of 2025-06-23,2025-06-23,2025-06-29,McDonald's (24636-COPANS RD. & I - 95),684917,5579,24636,218,218,10,4.59,48.33,0,0.00,0,0.00,0.00,3.84,6.21,21.29,99.66,0.34,30,4.00,10,2,6,USD
Week of 2025-06-23,2025-06-23,2025-06-29,McDonald's (6653-DEERFIELD BEACH),684918,5579,6653,248,246,8,3.25,53.11,2,0.81,0,0.00,0.00,3.93,5.87,23.39,100.0,0.0,0,3.48,21,6,7,USD
Week of 2025-06-23,2025-06-23,2025-06-29,McDonald's (4112-SAMPLE ROAD),685069,5579,4112,248,243,9,3.70,57.69,5,2.02,3,1.21,0.00,4.48,6.32,24.67,99.8,0.2,20,3.50,18,5,6,USD
Week of 2025-06-23,2025-06-23,2025-06-29,McDonald's (36313-ATLANTIC EXTENSION II),685071,5579,36313,93,89,5,5.62,57.54,4,4.30,1,1.08,0.00,4.22,6.07,23.20,99.66,0.34,30,4.00,4,1,3,USD
Week of 2025-06-23,2025-06-23,2025-06-29,McDonald's (1585-A & F),685073,5579,1585,232,224,10,4.46,44.39,8,3.45,1,0.43,0.43,4.19,6.17,21.90,99.32,0.68,68,3.94,16,2,9,USD
Week of 2025-06-23,2025-06-23,2025-06-29,McDonald's (1868-PEMBROKE PINES),685633,5579,1868,324,317,9,2.84,41.56,7,2.16,2,0.62,0.62,4.06,5.55,20.92,99.0,1.0,101,3.89,19,4,10,USD
Week of 2025-06-23,2025-06-23,2025-06-29,McDonald's (10881-CONGRESS & 22ND),686273,5579,10881,532,522,18,3.45,130.26,10,1.88,5,0.94,0.19,4.27,5.71,20.76,99.75,0.25,25,4.06,36,7,23,USD
Week of 2025-06-23,2025-06-23,2025-06-29,McDonald's (3482-BOYNTON BEACH),687543,5579,3482,173,171,6,3.51,48.25,2,1.16,0,0.00,0.00,4.36,5.64,23.20,100.0,0.0,0,3.88,17,3,9,USD
Week of 2025-06-23,2025-06-23,2025-06-29,McDonald's (5002-CYPRESS CREEK & POWERLINE),687850,5579,5002,154,153,5,3.27,32.51,1,0.65,0,0.00,0.00,3.87,5.37,22.52,100.0,0.0,0,4.31,13,1,7,USD
Week of 2025-06-23,2025-06-23,2025-06-29,McDonald's (7253-BAY COLONY),688121,5579,7253,136,133,6,4.51,27.09,3,2.21,2,1.47,0.00,3.64,5.36,27.35,99.64,0.36,30,4.29,7,1,5,USD
Week of 2025-06-16,2025-06-16,2025-06-22,McDonald's (1013-NORTH POMPANO),677517,5579,1013,119,119,3,2.52,14.32,0,0.00,0,0.00,0.00,4.25,5.41,17.84,99.65,0.35,29,4.33,9,1,6,USD
Week of 2025-06-16,2025-06-16,2025-06-22,McDonald's (10397-SUNRISE/PINE ISLAND),680307,5579,10397,137,137,6,4.38,26.15,0,0.00,0,0.00,0.00,3.95,5.65,20.76,100.0,0.0,0,3.83,6,1,3,USD
Week of 2025-06-16,2025-06-16,2025-06-22,McDonald's (2533-LAUDERDALE LAKES),680368,5579,2533,312,307,12,3.91,57.15,5,1.60,0,0.00,0.00,5.46,7.31,26.10,98.03,1.97,198,4.57,14,1,11,USD
Week of 2025-06-16,2025-06-16,2025-06-22,McDonald's (13565-GALT OCEAN MILE),680384,5579,13565,44,44,1,2.27,0.00,0,0.00,0,0.00,0.00,4.44,5.60,21.86,100.0,0.0,0,4.00,2,0,0,USD
Week of 2025-06-16,2025-06-16,2025-06-22,McDonald's (2011-CORAL RIDGE),680386,5579,2011,115,112,5,4.46,26.88,3,2.61,0,0.00,0.87,5.04,6.78,23.92,99.29,0.71,60,3.63,8,1,1,USD
Week of 2025-06-16,2025-06-16,2025-06-22,McDonald's (22008-OAKLAND & 55TH),680392,5579,22008,598,586,18,3.07,102.85,12,2.01,4,0.67,0.17,4.71,6.70,23.90,99.73,0.27,27,4.03,35,5,20,USD
Week of 2025-06-16,2025-06-16,2025-06-22,McDonald's (17009-OAKLAND & HIATUS),680394,5579,17009,114,114,5,4.39,41.53,0,0.00,0,0.00,0.00,4.48,5.96,20.25,99.66,0.34,30,4.55,11,0,6,USD
Week of 2025-06-16,2025-06-16,2025-06-22,McDonald's (681-COMMERCIAL),684427,5579,681,152,150,4,2.67,17.60,2,1.32,2,1.32,0.66,3.34,5.31,20.14,99.64,0.36,30,4.21,19,2,10,USD
Week of 2025-06-16,2025-06-16,2025-06-22,McDonald's (6712-EXECUTIVE),684429,5579,6712,113,113,8,7.08,57.10,0,0.00,0,0.00,0.00,4.67,7.06,35.09,100.0,0.0,0,4.89,9,0,8,USD
Week of 2025-06-16,2025-06-16,2025-06-22,McDonald's (7732-OAKLAND FOREST),684443,5579,7732,328,323,12,3.72,65.60,5,1.52,2,0.61,0.91,4.14,5.74,21.22,99.31,0.69,70,4.61,18,1,14,USD
Week of 2025-06-16,2025-06-16,2025-06-22,McDonald's (7158-I-95 & SUNRISE),684444,5579,7158,283,281,12,4.27,92.12,2,0.71,1,0.35,1.41,3.96,6.15,21.65,100.0,0.0,0,4.20,10,1,5,USD
Week of 2025-06-16,2025-06-16,2025-06-22,"McDonald's (27555-SUNRISE, COMMERCIAL & 94TH)",684455,5579,27555,141,140,1,0.71,12.88,1,0.71,0,0.00,0.00,4.12,5.69,27.33,100.0,0.0,0,3.80,5,1,2,USD
Week of 2025-06-16,2025-06-16,2025-06-22,McDonald's (5990-SOUTHGATE),684457,5579,5990,240,236,5,2.12,21.30,4,1.67,2,0.83,0.83,3.71,4.89,19.74,100.0,0.0,0,4.47,15,1,12,USD
Week of 2025-06-16,2025-06-16,2025-06-22,McDonald's (2565-5TH AVENUE),684468,5579,2565,198,197,7,3.55,27.31,1,0.51,0,0.00,0.00,3.68,4.82,20.58,100.0,0.0,0,3.30,10,3,3,USD
Week of 2025-06-16,2025-06-16,2025-06-22,McDonald's (3555-TAMARAC),684472,5579,3555,220,214,6,2.80,42.13,6,2.73,3,1.36,1.82,4.64,6.73,27.83,99.27,0.73,74,3.91,11,3,8,USD
Week of 2025-06-16,2025-06-16,2025-06-22,McDonald's (12885-MCNAB & ROCK ISLAND),684476,5579,12885,439,430,30,6.98,180.29,9,2.05,4,0.91,0.46,5.50,7.75,25.57,97.93,2.07,209,3.32,31,11,14,USD
Week of 2025-06-16,2025-06-16,2025-06-22,McDonald's (10671-LAKEWOOD),684491,5579,10671,227,223,8,3.59,54.49,4,1.76,1,0.44,0.44,4.37,6.49,22.90,100.0,0.0,0,4.24,17,2,11,USD
Week of 2025-06-16,2025-06-16,2025-06-22,McDonald's (32379-MIRABELLA),684546,5579,32379,417,415,9,2.17,36.02,2,0.48,0,0.00,0.24,3.17,4.86,22.84,99.4,0.6,60,4.38,24,1,12,USD
Week of 2025-06-16,2025-06-16,2025-06-22,McDonald's (16832-BROWARD & 1ST),684559,5579,16832,349,329,7,2.13,44.44,20,5.73,9,2.58,0.00,6.34,7.98,25.41,97.45,2.55,257,3.59,17,4,5,USD
Week of 2025-06-16,2025-06-16,2025-06-22,"McDonald's (29261-BOCA RATON, BOCA CENTER RELO)",684904,5579,29261,172,171,2,1.17,8.13,1,0.58,0,0.00,0.58,3.87,5.61,40.01,100.0,0.0,0,4.73,11,0,8,USD
Week of 2025-06-16,2025-06-16,2025-06-22,McDonald's (24106-PALM AIRE),684906,5579,24106,198,196,4,2.04,7.13,2,1.01,2,1.01,0.00,3.55,5.85,23.63,99.32,0.68,60,4.00,10,2,6,USD
Week of 2025-06-16,2025-06-16,2025-06-22,McDonald's (24636-COPANS RD. & I - 95),684917,5579,24636,199,196,7,3.57,58.86,3,1.51,0,0.00,0.00,4.44,6.69,21.61,99.32,0.68,60,3.91,11,1,2,USD
Week of 2025-06-16,2025-06-16,2025-06-22,McDonald's (6653-DEERFIELD BEACH),684918,5579,6653,231,226,5,2.21,31.70,5,2.16,3,1.30,1.30,3.61,5.66,26.00,100.0,0.0,0,3.92,13,2,5,USD
Week of 2025-06-16,2025-06-16,2025-06-22,McDonald's (4112-SAMPLE ROAD),685069,5579,4112,302,296,9,3.04,40.12,6,1.99,2,0.66,0.66,4.35,6.20,22.60,99.15,0.85,86,4.58,19,0,11,USD
Week of 2025-06-16,2025-06-16,2025-06-22,McDonald's (36313-ATLANTIC EXTENSION II),685071,5579,36313,108,107,3,2.80,12.05,1,0.93,0,0.00,0.00,3.61,5.89,29.78,100.0,0.0,0,4.36,11,1,7,USD
Week of 2025-06-16,2025-06-16,2025-06-22,McDonald's (1585-A & F),685073,5579,1585,278,268,20,7.46,84.59,10,3.60,6,2.16,0.72,4.98,7.79,24.21,97.92,2.08,210,4.60,20,1,15,USD
Week of 2025-06-16,2025-06-16,2025-06-22,McDonald's (1868-PEMBROKE PINES),685633,5579,1868,365,360,17,4.72,99.74,5,1.37,3,0.82,0.27,4.47,6.06,21.40,98.72,1.28,129,4.00,21,2,10,USD
Week of 2025-06-16,2025-06-16,2025-06-22,McDonald's (10881-CONGRESS & 22ND),686273,5579,10881,455,441,11,2.49,70.68,14,3.08,7,1.54,0.22,4.57,6.23,22.15,84.2,15.8,1587,4.18,44,5,25,USD
Week of 2025-06-16,2025-06-16,2025-06-22,McDonald's (3482-BOYNTON BEACH),687543,5579,3482,221,220,7,3.18,28.39,1,0.45,0,0.00,0.00,4.28,5.80,23.32,100.0,0.0,0,4.24,17,2,11,USD
Week of 2025-06-16,2025-06-16,2025-06-22,McDonald's (5002-CYPRESS CREEK & POWERLINE),687850,5579,5002,161,157,6,3.82,40.42,4,2.48,1,0.62,0.00,3.85,5.37,22.11,99.64,0.36,30,4.89,9,0,8,USD
Week of 2025-06-16,2025-06-16,2025-06-22,McDonald's (7253-BAY COLONY),688121,5579,7253,141,136,2,1.47,14.02,5,3.55,4,2.84,0.71,4.51,6.22,23.24,99.65,0.35,29,4.17,6,1,4,USD
Week of 2025-06-09,2025-06-09,2025-06-15,McDonald's (1013-NORTH POMPANO),677517,5579,1013,120,119,2,1.68,7.56,1,0.83,0,0.00,0.00,4.27,5.61,18.64,99.64,0.36,30,4.75,4,0,3,USD
Week of 2025-06-09,2025-06-09,2025-06-15,McDonald's (10397-SUNRISE/PINE ISLAND),680307,5579,10397,155,154,4,2.60,10.79,1,0.65,0,0.00,0.00,3.88,5.72,21.21,100.0,0.0,0,3.54,13,3,5,USD
Week of 2025-06-09,2025-06-09,2025-06-15,McDonald's (2533-LAUDERDALE LAKES),680368,5579,2533,281,271,12,4.43,62.70,10,3.56,5,1.78,0.36,5.25,6.90,24.36,99.02,0.98,99,4.35,20,1,14,USD
Week of 2025-06-09,2025-06-09,2025-06-15,McDonald's (13565-GALT OCEAN MILE),680384,5579,13565,31,30,1,3.33,4.24,1,3.23,1,3.23,0.00,3.99,5.05,22.07,100.0,0.0,0,5.00,1,0,1,USD
Week of 2025-06-09,2025-06-09,2025-06-15,McDonald's (2011-CORAL RIDGE),680386,5579,2011,116,114,7,6.14,87.10,2,1.72,0,0.00,0.00,4.73,6.80,25.12,99.64,0.36,30,4.09,11,1,4,USD
Week of 2025-06-09,2025-06-09,2025-06-15,McDonald's (22008-OAKLAND & 55TH),680392,5579,22008,595,584,26,4.45,157.32,11,1.85,8,1.34,12.27,4.99,7.14,24.79,98.73,1.27,128,4.31,29,3,19,USD
Week of 2025-06-09,2025-06-09,2025-06-15,McDonald's (17009-OAKLAND & HIATUS),680394,5579,17009,146,146,4,2.74,17.68,0,0.00,0,0.00,0.68,4.37,6.35,20.92,100.0,0.0,0,4.67,6,0,4,USD
Week of 2025-06-09,2025-06-09,2025-06-15,McDonald's (681-COMMERCIAL),684427,5579,681,151,145,3,2.07,10.82,6,3.97,2,1.32,0.00,3.32,4.88,20.15,100.0,0.0,0,4.53,15,1,11,USD
Week of 2025-06-09,2025-06-09,2025-06-15,McDonald's (6712-EXECUTIVE),684429,5579,6712,134,132,3,2.27,17.31,2,1.49,0,0.00,0.00,3.83,6.59,21.67,100.0,0.0,0,3.36,11,4,5,USD
Week of 2025-06-09,2025-06-09,2025-06-15,McDonald's (7732-OAKLAND FOREST),684443,5579,7732,310,303,11,3.63,51.93,7,2.26,4,1.29,0.32,4.71,6.41,23.39,97.99,2.01,202,4.27,15,2,10,USD
Week of 2025-06-09,2025-06-09,2025-06-15,McDonald's (7158-I-95 & SUNRISE),684444,5579,7158,251,248,7,2.82,93.44,3,1.20,2,0.80,0.80,4.16,6.57,22.08,99.24,0.76,77,4.08,12,2,7,USD
Week of 2025-06-09,2025-06-09,2025-06-15,"McDonald's (27555-SUNRISE, COMMERCIAL & 94TH)",684455,5579,27555,112,110,2,1.82,6.71,2,1.79,1,0.89,0.00,4.01,5.92,21.34,100.0,0.0,0,4.21,14,2,9,USD
Week of 2025-06-09,2025-06-09,2025-06-15,McDonald's (5990-SOUTHGATE),684457,5579,5990,243,242,7,2.89,31.97,1,0.41,0,0.00,0.41,3.47,4.69,20.23,100.0,0.0,0,4.25,20,2,12,USD
Week of 2025-06-09,2025-06-09,2025-06-15,McDonald's (2565-5TH AVENUE),684468,5579,2565,207,202,8,3.96,59.65,5,2.42,1,0.48,0.48,3.81,5.30,20.13,100.0,0.0,0,4.10,10,1,4,USD
Week of 2025-06-09,2025-06-09,2025-06-15,McDonald's (3555-TAMARAC),684472,5579,3555,229,225,5,2.22,19.66,4,1.75,2,0.87,0.00,5.16,6.86,24.32,99.4,0.6,60,4.00,13,2,6,USD
Week of 2025-06-09,2025-06-09,2025-06-15,McDonald's (12885-MCNAB & ROCK ISLAND),684476,5579,12885,437,429,26,6.06,183.53,8,1.83,0,0.00,0.23,5.89,8.14,24.74,98.16,1.84,185,4.04,25,4,15,USD
Week of 2025-06-09,2025-06-09,2025-06-15,McDonald's (10671-LAKEWOOD),684491,5579,10671,212,212,5,2.36,36.00,0,0.00,0,0.00,0.00,3.35,5.43,20.99,100.0,0.0,0,4.60,5,0,3,USD
Week of 2025-06-09,2025-06-09,2025-06-15,McDonald's (32379-MIRABELLA),684546,5579,32379,426,423,12,2.84,73.32,3,0.70,0,0.00,0.70,3.67,5.42,22.41,99.7,0.3,30,4.05,22,4,13,USD
Week of 2025-06-09,2025-06-09,2025-06-15,McDonald's (16832-BROWARD & 1ST),684559,5579,16832,349,341,18,5.28,88.19,8,2.29,4,1.15,0.00,5.72,7.23,23.76,98.77,1.23,124,4.21,19,3,13,USD
Week of 2025-06-09,2025-06-09,2025-06-15,"McDonald's (29261-BOCA RATON, BOCA CENTER RELO)",684904,5579,29261,154,153,5,3.27,34.15,1,0.65,0,0.00,0.00,3.36,4.81,37.01,100.0,0.0,0,4.33,12,1,8,USD
Week of 2025-06-09,2025-06-09,2025-06-15,McDonald's (24106-PALM AIRE),684906,5579,24106,155,150,4,2.67,23.43,5,3.23,0,0.00,0.00,4.13,7.22,25.43,100.0,0.0,0,4.80,5,0,4,USD
Week of 2025-06-09,2025-06-09,2025-06-15,McDonald's (24636-COPANS RD. & I - 95),684917,5579,24636,204,203,6,2.96,43.11,1,0.49,0,0.00,0.00,4.37,6.67,22.08,98.98,1.02,90,4.13,15,1,9,USD
Week of 2025-06-09,2025-06-09,2025-06-15,McDonald's (6653-DEERFIELD BEACH),684918,5579,6653,260,256,10,3.91,59.59,4,1.54,3,1.15,0.00,3.98,6.10,22.98,99.66,0.34,30,3.25,12,4,4,USD
Week of 2025-06-09,2025-06-09,2025-06-15,McDonald's (4112-SAMPLE ROAD),685069,5579,4112,280,276,4,1.45,28.67,4,1.43,2,0.71,0.00,3.61,5.48,23.48,99.79,0.21,21,4.36,11,0,6,USD
Week of 2025-06-09,2025-06-09,2025-06-15,McDonald's (36313-ATLANTIC EXTENSION II),685071,5579,36313,90,87,4,4.60,32.25,3,3.33,1,1.11,4.44,3.36,5.15,23.83,100.0,0.0,0,3.40,5,2,3,USD
Week of 2025-06-09,2025-06-09,2025-06-15,McDonald's (1585-A & F),685073,5579,1585,237,231,11,4.76,41.61,6,2.53,2,0.84,0.00,4.18,6.15,28.38,99.09,0.91,92,4.45,11,1,8,USD
Week of 2025-06-09,2025-06-09,2025-06-15,McDonald's (1868-PEMBROKE PINES),685633,5579,1868,344,341,11,3.23,73.23,3,0.87,3,0.87,1.16,4.20,5.83,20.67,98.31,1.69,170,4.00,25,4,14,USD
Week of 2025-06-09,2025-06-09,2025-06-15,McDonald's (10881-CONGRESS & 22ND),686273,5579,10881,665,659,25,3.79,98.67,6,0.90,1,0.15,0.00,5.00,6.59,23.27,98.47,1.53,154,4.36,42,2,27,USD
Week of 2025-06-09,2025-06-09,2025-06-15,McDonald's (3482-BOYNTON BEACH),687543,5579,3482,213,212,3,1.42,10.56,1,0.47,0,0.00,0.00,4.21,5.36,21.52,99.64,0.36,30,4.83,6,0,5,USD
Week of 2025-06-09,2025-06-09,2025-06-15,McDonald's (5002-CYPRESS CREEK & POWERLINE),687850,5579,5002,167,165,4,2.42,31.66,2,1.20,0,0.00,0.00,2.94,4.34,23.11,100.0,0.0,0,4.57,14,1,11,USD
Week of 2025-06-09,2025-06-09,2025-06-15,McDonald's (7253-BAY COLONY),688121,5579,7253,109,106,4,3.77,16.65,3,2.75,2,1.83,0.00,2.83,4.09,32.28,100.0,0.0,0,3.60,5,1,1,USD
Week of 2025-06-02,2025-06-02,2025-06-08,McDonald's (1013-NORTH POMPANO),677517,5579,1013,134,133,4,3.01,23.68,1,0.75,0,0.00,0.00,3.96,5.36,18.32,100.0,0.0,0,3.80,5,1,3,USD
Week of 2025-06-02,2025-06-02,2025-06-08,McDonald's (10397-SUNRISE/PINE ISLAND),680307,5579,10397,145,144,3,2.08,9.02,1,0.69,0,0.00,0.00,4.26,6.32,21.91,100.0,0.0,0,3.82,11,3,7,USD
Week of 2025-06-02,2025-06-02,2025-06-08,McDonald's (2533-LAUDERDALE LAKES),680368,5579,2533,310,305,17,5.57,97.93,5,1.61,1,0.32,0.00,5.25,7.23,24.61,98.89,1.11,112,3.92,25,6,17,USD
Week of 2025-06-02,2025-06-02,2025-06-08,McDonald's (13565-GALT OCEAN MILE),680384,5579,13565,47,47,1,2.13,9.06,0,0.00,0,0.00,0.00,3.81,5.04,21.91,100.0,0.0,0,3.33,3,1,1,USD
Week of 2025-06-02,2025-06-02,2025-06-08,McDonald's (2011-CORAL RIDGE),680386,5579,2011,129,128,7,5.47,24.89,1,0.78,0,0.00,0.00,3.92,5.30,23.95,98.47,1.53,128,4.29,7,1,5,USD
Week of 2025-06-02,2025-06-02,2025-06-08,McDonald's (22008-OAKLAND & 55TH),680392,5579,22008,509,500,24,4.80,128.58,9,1.77,4,0.79,0.20,5.22,7.12,25.76,97.42,2.58,260,4.40,50,6,40,USD
Week of 2025-06-02,2025-06-02,2025-06-08,McDonald's (17009-OAKLAND & HIATUS),680394,5579,17009,154,151,7,4.64,44.40,3,1.95,0,0.00,0.00,5.42,6.99,21.73,98.01,1.99,175,4.61,18,1,15,USD
Week of 2025-06-02,2025-06-02,2025-06-08,McDonald's (681-COMMERCIAL),684427,5579,681,165,164,6,3.66,49.90,1,0.61,0,0.00,0.00,2.97,4.57,21.34,100.0,0.0,0,4.73,15,1,14,USD
Week of 2025-06-02,2025-06-02,2025-06-08,McDonald's (6712-EXECUTIVE),684429,5579,6712,135,134,1,0.75,5.88,1,0.74,1,0.74,0.00,4.04,6.40,22.45,100.0,0.0,0,4.13,8,1,5,USD
Week of 2025-06-02,2025-06-02,2025-06-08,McDonald's (7732-OAKLAND FOREST),684443,5579,7732,382,374,9,2.41,35.96,8,2.09,1,0.26,0.00,4.27,5.98,22.45,99.61,0.39,39,4.61,31,1,26,USD
Week of 2025-06-02,2025-06-02,2025-06-08,McDonald's (7158-I-95 & SUNRISE),684444,5579,7158,254,253,14,5.53,110.93,1,0.39,1,0.39,0.00,4.01,6.08,22.66,100.0,0.0,0,3.25,12,3,4,USD
Week of 2025-06-02,2025-06-02,2025-06-08,"McDonald's (27555-SUNRISE, COMMERCIAL & 94TH)",684455,5579,27555,135,135,3,2.22,17.08,0,0.00,0,0.00,0.00,4.26,6.26,22.73,100.0,0.0,0,4.62,13,1,11,USD
Week of 2025-06-02,2025-06-02,2025-06-08,McDonald's (5990-SOUTHGATE),684457,5579,5990,239,236,11,4.66,56.09,3,1.26,1,0.42,0.42,3.16,4.44,22.63,100.0,0.0,0,4.58,19,1,15,USD
Week of 2025-06-02,2025-06-02,2025-06-08,McDonald's (2565-5TH AVENUE),684468,5579,2565,216,214,3,1.40,24.36,2,0.93,0,0.00,0.00,3.16,4.91,19.81,99.66,0.34,30,4.75,8,0,6,USD
Week of 2025-06-02,2025-06-02,2025-06-08,McDonald's (3555-TAMARAC),684472,5579,3555,263,259,10,3.86,37.97,4,1.52,0,0.00,0.76,4.40,6.44,24.50,99.48,0.52,52,3.95,19,4,13,USD
Week of 2025-06-02,2025-06-02,2025-06-08,McDonald's (12885-MCNAB & ROCK ISLAND),684476,5579,12885,458,446,26,5.83,175.15,12,2.62,7,1.53,0.22,6.38,8.39,26.28,96.99,3.01,303,4.09,22,3,14,USD
Week of 2025-06-02,2025-06-02,2025-06-08,McDonald's (10671-LAKEWOOD),684491,5579,10671,234,233,12,5.15,39.22,1,0.43,0,0.00,0.85,3.72,5.32,21.88,100.0,0.0,0,4.50,10,0,8,USD
Week of 2025-06-02,2025-06-02,2025-06-08,McDonald's (32379-MIRABELLA),684546,5579,32379,376,372,11,2.96,67.43,4,1.06,1,0.27,0.00,3.72,5.69,23.19,99.3,0.7,71,4.52,25,1,20,USD
Week of 2025-06-02,2025-06-02,2025-06-08,McDonald's (16832-BROWARD & 1ST),684559,5579,16832,338,332,9,2.71,56.76,6,1.78,4,1.18,0.00,4.78,6.35,24.63,99.53,0.47,47,4.33,21,2,16,USD
Week of 2025-06-02,2025-06-02,2025-06-08,"McDonald's (29261-BOCA RATON, BOCA CENTER RELO)",684904,5579,29261,146,146,2,1.37,21.16,0,0.00,0,0.00,0.00,4.13,5.57,58.21,100.0,0.0,0,5.00,9,0,9,USD
Week of 2025-06-02,2025-06-02,2025-06-08,McDonald's (24106-PALM AIRE),684906,5579,24106,183,182,1,0.55,0.80,1,0.55,0,0.00,0.00,4.17,6.47,24.20,99.66,0.34,30,4.82,11,0,9,USD
Week of 2025-06-02,2025-06-02,2025-06-08,McDonald's (24636-COPANS RD. & I - 95),684917,5579,24636,187,187,12,6.42,68.85,0,0.00,0,0.00,0.00,4.44,6.52,20.68,98.65,1.35,119,3.89,19,4,10,USD
Week of 2025-06-02,2025-06-02,2025-06-08,McDonald's (6653-DEERFIELD BEACH),684918,5579,6653,248,245,6,2.45,22.45,3,1.21,1,0.40,0.00,3.64,5.53,22.10,100.0,0.0,0,4.58,19,1,16,USD
Week of 2025-06-02,2025-06-02,2025-06-08,McDonald's (4112-SAMPLE ROAD),685069,5579,4112,306,299,7,2.34,66.34,7,2.29,4,1.31,0.00,4.15,5.97,23.22,100.0,0.0,0,4.68,22,1,18,USD
Week of 2025-06-02,2025-06-02,2025-06-08,McDonald's (36313-ATLANTIC EXTENSION II),685071,5579,36313,87,86,2,2.33,24.02,1,1.15,0,0.00,0.00,3.38,4.97,23.42,100.0,0.0,0,4.20,5,1,4,USD
Week of 2025-06-02,2025-06-02,2025-06-08,McDonald's (1585-A & F),685073,5579,1585,233,226,4,1.77,17.95,7,3.00,2,0.86,0.00,4.47,6.19,21.90,98.68,1.32,133,4.74,27,1,24,USD
Week of 2025-06-02,2025-06-02,2025-06-08,McDonald's (1868-PEMBROKE PINES),685633,5579,1868,363,359,15,4.18,74.17,4,1.10,1,0.28,0.00,4.54,6.31,22.78,97.93,2.07,209,4.53,17,1,13,USD
Week of 2025-06-02,2025-06-02,2025-06-08,McDonald's (10881-CONGRESS & 22ND),686273,5579,10881,613,609,24,3.94,174.85,4,0.65,3,0.49,0.00,5.02,6.57,24.13,98.96,1.04,104,4.42,50,5,39,USD
Week of 2025-06-02,2025-06-02,2025-06-08,McDonald's (3482-BOYNTON BEACH),687543,5579,3482,241,239,4,1.67,21.30,2,0.83,0,0.00,0.00,4.74,6.18,22.79,99.64,0.36,30,4.80,10,0,8,USD
Week of 2025-06-02,2025-06-02,2025-06-08,McDonald's (5002-CYPRESS CREEK & POWERLINE),687850,5579,5002,166,163,5,3.07,16.81,3,1.81,0,0.00,0.00,3.52,5.30,22.75,100.0,0.0,0,4.45,11,1,8,USD
Week of 2025-06-02,2025-06-02,2025-06-08,McDonald's (7253-BAY COLONY),688121,5579,7253,131,129,3,2.33,7.07,2,1.53,2,1.53,0.00,3.82,5.44,27.24,99.51,0.49,41,4.63,8,0,6,USD
Week of 2025-05-26,2025-05-26,2025-06-01,McDonald's (1013-NORTH POMPANO),677517,5579,1013,11,10,2,20.00,3.46,1,9.09,0,0.00,0.00,7.07,9.13,21.90,100.0,0.0,0,1.00,1,1,0,USD
Week of 2025-05-26,2025-05-26,2025-06-01,McDonald's (10397-SUNRISE/PINE ISLAND),680307,5579,10397,15,15,2,13.33,7.76,0,0.00,0,0.00,0.00,4.70,5.73,18.93,100.0,0.0,0,5.00,2,0,2,USD
Week of 2025-05-26,2025-05-26,2025-06-01,McDonald's (2533-LAUDERDALE LAKES),680368,5579,2533,48,46,2,4.35,13.20,2,4.17,1,2.08,0.00,5.56,6.56,24.33,100.0,0.0,0,3.38,8,3,4,USD
Week of 2025-05-26,2025-05-26,2025-06-01,McDonald's (13565-GALT OCEAN MILE),680384,5579,13565,7,7,0,0.00,0.00,0,0.00,0,0.00,0.00,4.08,5.02,18.86,100.0,0.0,0,5.00,1,0,1,USD
Week of 2025-05-26,2025-05-26,2025-06-01,McDonald's (2011-CORAL RIDGE),680386,5579,2011,11,11,2,18.18,22.53,0,0.00,0,0.00,0.00,5.81,7.48,24.73,100.0,0.0,0,5.00,1,0,1,USD
Week of 2025-05-26,2025-05-26,2025-06-01,McDonald's (22008-OAKLAND & 55TH),680392,5579,22008,78,77,6,7.79,31.73,1,1.28,0,0.00,0.00,5.11,7.23,24.23,98.26,1.74,25,4.33,6,1,5,USD
Week of 2025-05-26,2025-05-26,2025-06-01,McDonald's (17009-OAKLAND & HIATUS),680394,5579,17009,23,23,1,4.35,0.22,0,0.00,0,0.00,0.00,5.75,6.55,22.30,100.0,0.0,0,0.00,0,0,0,USD
Week of 2025-05-26,2025-05-26,2025-06-01,McDonald's (681-COMMERCIAL),684427,5579,681,17,17,1,5.88,12.98,0,0.00,0,0.00,0.00,3.91,4.91,20.71,100.0,0.0,0,3.67,3,1,2,USD
Week of 2025-05-26,2025-05-26,2025-06-01,McDonald's (6712-EXECUTIVE),684429,5579,6712,15,15,1,6.67,6.69,0,0.00,0,0.00,0.00,3.57,6.64,22.33,100.0,0.0,0,0.00,0,0,0,USD
Week of 2025-05-26,2025-05-26,2025-06-01,McDonald's (7732-OAKLAND FOREST),684443,5579,7732,52,49,4,8.16,39.43,3,5.77,0,0.00,0.00,4.66,5.73,20.69,99.44,0.56,8,4.00,4,1,3,USD
Week of 2025-05-26,2025-05-26,2025-06-01,McDonald's (7158-I-95 & SUNRISE),684444,5579,7158,38,38,0,0.00,0.00,0,0.00,0,0.00,0.00,4.85,6.82,20.66,99.37,0.63,9,5.00,3,0,3,USD
Week of 2025-05-26,2025-05-26,2025-06-01,"McDonald's (27555-SUNRISE, COMMERCIAL & 94TH)",684455,5579,27555,15,15,1,6.67,5.24,0,0.00,0,0.00,0.00,4.38,5.82,19.21,100.0,0.0,0,3.00,2,1,1,USD
Week of 2025-05-26,2025-05-26,2025-06-01,McDonald's (5990-SOUTHGATE),684457,5579,5990,34,34,2,5.88,4.30,0,0.00,0,0.00,0.00,3.49,5.20,21.06,100.0,0.0,0,4.00,1,0,0,USD
Week of 2025-05-26,2025-05-26,2025-06-01,McDonald's (2565-5TH AVENUE),684468,5579,2565,33,33,1,3.03,8.64,0,0.00,0,0.00,0.00,3.98,5.11,20.88,100.0,0.0,0,5.00,1,0,1,USD
Week of 2025-05-26,2025-05-26,2025-06-01,McDonald's (3555-TAMARAC),684472,5579,3555,34,31,0,0.00,0.00,3,8.82,1,2.94,0.00,5.35,6.75,24.35,100.0,0.0,0,5.00,3,0,3,USD
Week of 2025-05-26,2025-05-26,2025-06-01,McDonald's (12885-MCNAB & ROCK ISLAND),684476,5579,12885,62,62,4,6.45,18.41,0,0.00,0,0.00,0.00,5.56,7.78,23.44,97.92,2.08,30,4.00,4,1,3,USD
Week of 2025-05-26,2025-05-26,2025-06-01,McDonald's (10671-LAKEWOOD),684491,5579,10671,36,36,2,5.56,6.27,0,0.00,0,0.00,0.00,3.90,5.67,19.94,100.0,0.0,0,5.00,1,0,1,USD
Week of 2025-05-26,2025-05-26,2025-06-01,McDonald's (32379-MIRABELLA),684546,5579,32379,58,57,1,1.75,2.21,1,1.72,0,0.00,0.00,4.05,6.02,24.66,100.0,0.0,0,5.00,1,0,1,USD
Week of 2025-05-26,2025-05-26,2025-06-01,McDonald's (16832-BROWARD & 1ST),684559,5579,16832,59,56,3,5.36,13.05,3,5.08,0,0.00,0.00,5.78,7.11,21.09,100.0,0.0,0,5.00,6,0,6,USD
Week of 2025-05-26,2025-05-26,2025-06-01,"McDonald's (29261-BOCA RATON, BOCA CENTER RELO)",684904,5579,29261,33,33,0,0.00,0.00,0,0.00,0,0.00,0.00,3.37,4.40,30.45,100.0,0.0,0,5.00,1,0,1,USD
Week of 2025-05-26,2025-05-26,2025-06-01,McDonald's (24106-PALM AIRE),684906,5579,24106,22,21,0,0.00,0.00,1,4.55,1,4.55,0.00,4.05,6.55,24.05,100.0,0.0,0,5.00,2,0,2,USD
Week of 2025-05-26,2025-05-26,2025-06-01,McDonald's (24636-COPANS RD. & I - 95),684917,5579,24636,22,22,2,9.09,9.69,0,0.00,0,0.00,0.00,4.89,6.89,22.36,100.0,0.0,0,0.00,0,0,0,USD
Week of 2025-05-26,2025-05-26,2025-06-01,McDonald's (6653-DEERFIELD BEACH),684918,5579,6653,29,29,2,6.90,18.10,0,0.00,0,0.00,0.00,3.26,4.91,23.76,100.0,0.0,0,3.67,3,1,2,USD
Week of 2025-05-26,2025-05-26,2025-06-01,McDonald's (4112-SAMPLE ROAD),685069,5579,4112,50,48,3,6.25,13.04,2,4.00,0,0.00,0.00,4.60,6.32,23.04,100.0,0.0,0,4.50,2,0,1,USD
Week of 2025-05-26,2025-05-26,2025-06-01,McDonald's (36313-ATLANTIC EXTENSION II),685071,5579,36313,13,13,0,0.00,0.00,0,0.00,0,0.00,0.00,2.96,4.72,22.31,100.0,0.0,0,5.00,1,0,1,USD
Week of 2025-05-26,2025-05-26,2025-06-01,McDonald's (1585-A & F),685073,5579,1585,40,37,0,0.00,0.00,3,7.50,1,2.50,2.50,6.27,8.35,22.08,95.83,4.17,60,3.00,2,1,1,USD
Week of 2025-05-26,2025-05-26,2025-06-01,McDonald's (1868-PEMBROKE PINES),685633,5579,1868,38,38,0,0.00,0.00,0,0.00,0,0.00,0.00,5.06,7.06,21.29,99.24,0.76,11,0.00,0,0,0,USD
Week of 2025-05-26,2025-05-26,2025-06-01,McDonald's (10881-CONGRESS & 22ND),686273,5579,10881,97,97,2,2.06,13.61,0,0.00,0,0.00,1.03,4.47,5.97,21.94,99.43,0.57,8,4.42,12,1,9,USD
Week of 2025-05-26,2025-05-26,2025-06-01,McDonald's (3482-BOYNTON BEACH),687543,5579,3482,30,30,0,0.00,0.00,0,0.00,0,0.00,0.00,7.60,8.75,23.10,100.0,0.0,0,5.00,1,0,1,USD
Week of 2025-05-26,2025-05-26,2025-06-01,McDonald's (5002-CYPRESS CREEK & POWERLINE),687850,5579,5002,17,16,0,0.00,0.00,1,5.88,0,0.00,0.00,3.16,6.74,23.75,100.0,0.0,0,5.00,2,0,2,USD
Week of 2025-05-26,2025-05-26,2025-06-01,McDonald's (7253-BAY COLONY),688121,5579,7253,20,20,1,5.00,6.28,0,0.00,0,0.00,0.00,3.64,6.69,20.25,100.0,0.0,0,0.00,0,0,0,USD
